Spot Price,Strike Price,Volatility,Interest Rate,Time to Maturity (Days),Option Type,Expiry Date
1.2379096726111842,1.167167544652948,0.07753687185129216,0.04799672143180211,28,Put,2025-05-16
1.1732374470709404,1.2649144222285147,0.22298451230320604,0.01424183350022214,104,Call,2025-07-31
1.246410934024431,1.1741569189646577,0.2062287088141938,0.011801159123603834,210,Put,2025-11-14
1.183516204014643,1.1613612524875612,0.13652005449816454,0.048249165270891306,209,Call,2025-11-13
1.0988882045228197,1.1787628923832036,0.1632699602242439,0.022583773599055248,243,Call,2025-12-17
1.2392193292302736,1.122357924468594,0.23202939144505955,0.01476041139426438,78,Put,2025-07-05
1.0525497987510388,1.2628789387659503,0.23898255414908207,0.019894687875753454,114,Call,2025-08-10
1.1330268261420624,1.1987408418139174,0.062206306461489724,0.04513075919603876,10,Call,2025-04-28
1.0825706162278743,1.2961970288013058,0.23767573429915068,0.038594702838853634,255,Put,2025-12-29
1.1850540143032338,1.193952683396354,0.1620765650887298,0.04329013546830068,244,Put,2025-12-18
1.0637892583265594,1.1934116041145102,0.057926312740963694,0.04016625428599717,183,Put,2025-10-18
1.0500285176069561,1.225347153622876,0.17341777544985082,0.04308130953837117,139,Call,2025-09-04
1.1543342218349006,1.1137777221198863,0.08274056451310191,0.03746266104567144,150,Put,2025-09-15
1.166884218179905,1.2944579721138982,0.2236758652121765,0.019918401147308053,139,Put,2025-09-04
1.0681883922161342,1.1890334543308012,0.14723467404919943,0.01419874607404228,199,Put,2025-11-03
1.067153182207112,1.2940542347666133,0.11841807037593087,0.04739857952579966,288,Put,2026-01-31
1.2195040912548734,1.2990418158235664,0.23804040052222653,0.040072969534365184,315,Put,2026-02-27
1.1207259142155421,1.116489239071858,0.15273520667283855,0.01359872853159107,338,Call,2026-03-22
1.1133356334906528,1.1189914887293984,0.19296562078173843,0.02212720685602139,320,Put,2026-03-04
1.1885023858935284,1.1524924138543062,0.09964300233767463,0.025329963221450452,288,Call,2026-01-31
1.2457829257481423,1.1164839669384818,0.1608242131512048,0.03314602865840311,151,Put,2025-09-16
1.2449996839927602,1.0820290887241388,0.2197398340305003,0.04839059301558227,246,Call,2025-12-20
1.2485976884616277,1.2110469129647714,0.10466927615743533,0.009688471523089754,188,Put,2025-10-23
1.2088476052742345,1.0524407389379133,0.15069173748764386,0.0466522649072411,51,Put,2025-06-08
1.152287828420681,1.0682673472023165,0.1854885946537061,0.03194168991646364,288,Put,2026-01-31
1.180689839842263,1.2843480422933042,0.10487621212920101,0.023572488438875494,321,Call,2026-03-05
1.2108314800460775,1.0630643813405432,0.13377900968531417,0.04905552592910068,324,Call,2026-03-08
1.1888983022753916,1.1958632193034118,0.16589993523127944,0.04123406401034932,355,Call,2026-04-08
1.1710614376310813,1.0903866986743678,0.12357819928444587,0.01776820329501911,89,Put,2025-07-16
1.2134036260302352,1.1174649118887547,0.228181914997603,0.04337045817763496,113,Call,2025-08-09
1.1367730681547086,1.2122411348423578,0.178654153912978,0.016128099901826665,300,Call,2026-02-12
1.1146050092173383,1.0520278569050885,0.2066963918756662,0.04203291001375085,307,Call,2026-02-19
1.082699060033959,1.1313522899365265,0.12115178825801792,0.04716054541796451,176,Call,2025-10-11
1.0829766237278384,1.1911475483840623,0.0913763636257984,0.04943041881181651,36,Call,2025-05-24
1.1556545130807787,1.0515920451886158,0.19571575237854427,0.04893856721989845,136,Put,2025-09-01
1.2151537542104713,1.1000802766835611,0.1469806623100854,0.026021555828465076,80,Call,2025-07-07
1.2456870481433118,1.1283802196879047,0.15449995181125395,0.0157545469341775,328,Put,2026-03-12
1.148792250372368,1.220966239170479,0.0882492443237096,0.0484198400515644,269,Call,2026-01-12
1.239825983774365,1.1295664986865608,0.17308856753895194,0.030681918726477405,92,Put,2025-07-19
1.1440565342664843,1.2636306403223103,0.0786431142238173,0.011085004855072007,164,Call,2025-09-29
1.120888059747527,1.2538972393999472,0.14897713974858803,0.002822424336561508,137,Put,2025-09-02
1.0742753162611482,1.15550985941799,0.17474841728392293,0.0064749055070629615,140,Call,2025-09-05
1.2090924806621126,1.246821727044618,0.0822684804490011,0.017016313548727104,175,Call,2025-10-10
1.2406016601971075,1.1523553069244077,0.10997284400742045,0.0017323001612737866,295,Put,2026-02-07
1.1289667119138977,1.2534065948426596,0.21538467047103765,0.049168945909307524,363,Put,2026-04-16
1.1252356366278353,1.1359258587855992,0.09999176353503521,0.040065062237287064,123,Call,2025-08-19
1.0811148224460387,1.2793459455312965,0.0795448100295727,0.022945868087151256,138,Put,2025-09-03
1.0872087471619853,1.2710715076684864,0.14155222560289987,0.008911583570348935,357,Call,2026-04-10
1.2218991700357802,1.094265500637418,0.21930169121437204,0.02903235627167254,155,Call,2025-09-20
1.1401859424546745,1.181375020328575,0.13389523713144819,0.019918470203276434,233,Call,2025-12-07
1.0565096593705043,1.0757457785303592,0.2118854197408764,0.03713003942284056,198,Call,2025-11-02
1.0846589238179367,1.158375720639414,0.058584526131957575,0.0017355872123532125,57,Call,2025-06-14
1.213612095807931,1.173425432728189,0.10378360129673932,0.03300127493806975,22,Call,2025-05-10
1.1556073206553477,1.242585116705655,0.08420964019155408,0.0033652184369406535,188,Put,2025-10-23
1.1586074379202558,1.0786355217574606,0.06395009824245035,0.019705742761343722,323,Put,2026-03-07
1.2202543399316117,1.2403006201013107,0.12380401519078317,0.04161879243847877,77,Call,2025-07-04
1.2084628892391034,1.203834992369601,0.0845779811108344,0.026669915562147446,137,Call,2025-09-02
1.1564441095148088,1.0559875747518561,0.16154835565796055,0.012160266937289983,309,Call,2026-02-21
1.2173582242625656,1.1078375281425406,0.16870119862312227,0.02540075678208513,245,Put,2025-12-19
1.2388289024174053,1.054660332016931,0.16708618558294805,0.03836355233623845,225,Call,2025-11-29
1.2112266866934474,1.2272713614806074,0.19662576151554867,0.04467976237499658,30,Put,2025-05-18
1.1660701048510838,1.1908117040661794,0.20836233550601638,0.00768518543296734,334,Call,2026-03-18
1.1241414838390444,1.26043232017126,0.10893717859528607,0.004311713348207991,179,Put,2025-10-14
1.227628986242133,1.2822525649421528,0.057993575179177276,0.0436574114197218,180,Call,2025-10-15
1.2270254248972357,1.2287670490458886,0.19728466405845402,9.682467419688812e-05,51,Put,2025-06-08
1.1680338556178205,1.0584540591280982,0.24124098054755225,0.0001867965054781262,254,Call,2025-12-28
1.1408769681118933,1.0648899739861808,0.056677121349383054,0.024154904011760778,323,Call,2026-03-07
1.1761671219239216,1.1401245002871938,0.2181851201979963,0.006810258750200859,47,Call,2025-06-04
1.060698483757037,1.1953953668417854,0.07218364524811316,0.02509224114166747,42,Call,2025-05-30
1.2373396532266177,1.1805858587656406,0.20528968629317362,0.03597813822098367,199,Put,2025-11-03
1.1431336036636937,1.252372984828515,0.08425182082715815,0.03226237136884116,214,Put,2025-11-18
1.139364152411891,1.2841256370037735,0.07647046855868418,0.039930948498932466,87,Call,2025-07-14
1.2346274618012778,1.175752337030768,0.07348111503202658,0.017357008408389392,144,Put,2025-09-09
1.1404114778110497,1.0812188722190554,0.159397213236538,0.007662691336549055,149,Call,2025-09-14
1.1770908866902894,1.1731028282213434,0.19790550830641018,0.04242912305188474,89,Call,2025-07-16
1.2248347192328888,1.232325823113203,0.1013963155005002,0.017985773986139698,160,Put,2025-09-25
1.1253317644787657,1.1132915603560631,0.06756421410319036,0.02135814365635069,269,Call,2026-01-12
1.1578132564485593,1.296441706015927,0.14623883065588336,0.022101445040925424,71,Put,2025-06-28
1.0767154124190177,1.1340879530186947,0.11711823575865701,0.04618283830963192,358,Call,2026-04-11
1.0557785370583543,1.2739098613063025,0.22500712790885624,0.0016044874610245787,67,Put,2025-06-24
1.0816519000405567,1.0958916539818475,0.2448565930762247,0.0356748584117145,138,Call,2025-09-03
1.1711834671817813,1.2552309936713422,0.17487284691388663,0.04748204943951354,37,Call,2025-05-25
1.2129161498741632,1.16733863340814,0.18505321651503415,0.04389507829093228,131,Call,2025-08-27
1.1277123056123355,1.22165001172588,0.18236322557849668,0.006721448249319167,267,Put,2026-01-10
1.2087822194832503,1.0792088032131155,0.2173862033410383,0.017413216561242485,304,Call,2026-02-16
1.0862599033719837,1.115811950232788,0.2314064204403746,0.0406878261581483,289,Call,2026-02-01
1.2259245479190302,1.1330090685178962,0.1457043915904164,0.045452363608619456,62,Call,2025-06-19
1.215728457023807,1.2088595090536127,0.12878936113804026,0.00020449716427173303,155,Put,2025-09-20
1.1534043886028633,1.2950224684973308,0.19506037154480727,0.002895450967005442,359,Put,2026-04-12
1.1198065111321769,1.1404723242291013,0.06701684223065206,0.0331188683857781,124,Put,2025-08-20
1.0729644253904802,1.28515797839338,0.07945182263453243,0.04052824384434864,201,Put,2025-11-05
1.2097063577427434,1.0714967349633502,0.22011834737498207,0.021090799971200988,176,Call,2025-10-11
1.1841882752667534,1.2278947219182175,0.16853165376432694,0.0004267402779704277,208,Put,2025-11-12
1.1036463239286853,1.192961773740859,0.21281927297008627,0.02748370666751935,296,Put,2026-02-08
1.0876669770285612,1.2060505318874313,0.18527569936582855,0.03567138722938576,343,Put,2026-03-27
1.1549435595272295,1.083905941188349,0.2397683900436102,0.040619023709603484,129,Call,2025-08-25
1.1253847383261695,1.193644652830099,0.06843710149112177,0.034915714026190835,290,Put,2026-02-02
1.2131515035352898,1.0507162372150007,0.1335377832932424,0.009913256960045426,234,Call,2025-12-08
1.1762849860528757,1.249399917838784,0.15751420690876158,0.03945652806978253,141,Put,2025-09-06
1.0639173734553353,1.2879827655695304,0.1933170389374976,0.03224512460259516,208,Call,2025-11-12
1.0634136625991293,1.0676721727936507,0.1996971815579156,0.008992323230271066,315,Put,2026-02-27
1.2343384471181433,1.115900121136034,0.08093137987983515,0.015680424559364164,79,Call,2025-07-06
1.0555345644584757,1.101123849258643,0.21746031843551308,0.04592338578811085,239,Call,2025-12-13
1.0874684816849822,1.1485742848023408,0.23191746377968636,0.04797067375225868,109,Put,2025-08-05
1.2400144627243377,1.1212137805679272,0.249834996456718,0.03601663101314293,146,Put,2025-09-11
1.094669955497713,1.2578834744140022,0.13535518959464254,0.04666106672889151,2,Put,2025-04-20
1.0764076609505173,1.1461157753057376,0.16602369998322306,0.010354096038668876,170,Put,2025-10-05
1.2013353184918698,1.1538798458888317,0.1451419784735153,0.04592462373251211,61,Put,2025-06-18
1.2216473723882066,1.0587460035612521,0.18329552230316928,0.034513870476317966,16,Put,2025-05-04
1.179515013427303,1.263789507244228,0.1965397305487363,0.03608926224823857,264,Put,2026-01-07
1.2096854146780684,1.280780081766426,0.20383818103896031,0.026091387661582977,274,Put,2026-01-17
1.2180091348349122,1.2180890214807765,0.20232381258207044,0.014542978819747438,75,Put,2025-07-02
1.1224483263624834,1.0848483045203392,0.1681358457337191,0.04041805784861432,344,Put,2026-03-28
1.214177562220021,1.1257649775161513,0.10991157137041785,0.0421504138272289,111,Put,2025-08-07
1.146598546717683,1.1717971808054826,0.16362218788419047,0.01160813891215523,266,Put,2026-01-09
1.0982763780888531,1.086018878348762,0.1419884072156262,0.028027237612063785,165,Call,2025-09-30
1.0653470295936127,1.0549438016683617,0.142078076483913,0.016898533232918844,82,Call,2025-07-09
1.1109922903841472,1.2404237687407402,0.08759685182340227,0.009272379243883655,257,Call,2025-12-31
1.0549536838047502,1.2834799134687906,0.24004156116165942,0.013845913476196188,224,Call,2025-11-28
1.1916761503747813,1.1075785435220387,0.23379909379465225,0.03959888967956829,89,Put,2025-07-16
1.1658530278707857,1.110552088794379,0.2128649983682528,0.026257633169327377,80,Call,2025-07-07
1.21072770648485,1.0962023878390497,0.10944018181900883,0.03392988163102348,125,Call,2025-08-21
1.1870719210638196,1.117260786985852,0.15782770406587754,0.03318170441843514,98,Put,2025-07-25
1.1454769314238644,1.20505937582893,0.16830640185639578,0.04261812161744459,214,Call,2025-11-18
1.102998230498291,1.0531359014094026,0.16928182599588815,0.029566814222740746,270,Put,2026-01-13
1.21392192349648,1.0666884309004094,0.2375546751191648,0.021631739752028867,101,Put,2025-07-28
1.1088756085653844,1.2099707637697106,0.07759524072184401,0.0389896139278464,151,Put,2025-09-16
1.2128745408199664,1.212437452568623,0.07840091414450522,0.005950283199446255,15,Put,2025-05-03
1.2156470262878514,1.1863173182026643,0.20401494026376898,0.001589075077148483,184,Put,2025-10-19
1.1311315025536217,1.2348735548770553,0.17795738605551117,0.01743444154523066,7,Call,2025-04-25
1.1781991571616899,1.2825194364621408,0.2460943848707755,0.04178026001543018,269,Put,2026-01-12
1.1303179069287193,1.2929045431148167,0.23973572369954235,0.028343032928005864,200,Call,2025-11-04
1.172905537717081,1.1846480464893465,0.13626108868257855,0.0011668146813245128,50,Call,2025-06-07
1.0857480028167301,1.187168571181849,0.10726109540382223,0.02653432819456671,136,Put,2025-09-01
1.1265017765843695,1.155637933067347,0.05409297492038179,0.006950788999179592,77,Call,2025-07-04
1.145703710769196,1.217665641129335,0.23492465199895823,0.018915759552850166,163,Put,2025-09-28
1.1609497595979033,1.2604404070720407,0.2385024685451753,0.007548394021903271,58,Call,2025-06-15
1.227794130249361,1.2751809934652414,0.06538131658422222,0.01717180354790276,79,Call,2025-07-06
1.1240402568772954,1.0713099083948916,0.14174674202654983,0.013084518910716976,356,Call,2026-04-09
1.1071649079013555,1.2569250014623625,0.12889986293640543,0.03716908064571212,287,Call,2026-01-30
1.0506218990753675,1.1265580106793045,0.14961410162959013,0.0452235753862104,125,Call,2025-08-21
1.2483227068130083,1.2933992527112719,0.08839506889022158,0.03757028506751671,76,Call,2025-07-03
1.0786643894418548,1.0827841570373051,0.06281778263274689,0.008407994948387542,74,Put,2025-07-01
1.1373764334808647,1.0718378296132383,0.22488139994726952,0.04280878215786051,69,Call,2025-06-26
1.1918596757079556,1.12400343728096,0.20796207411233836,0.006413388447339763,231,Put,2025-12-05
1.2317770362391884,1.1389098761416685,0.12060301246687107,0.04847561389391897,280,Call,2026-01-23
1.1317392747688462,1.2559859747190616,0.14256793220370115,0.04958964912274295,174,Put,2025-10-09
1.1151538596331567,1.2618619790864745,0.21997241448463944,0.04276765339374986,246,Call,2025-12-20
1.210090955643858,1.1973481654060638,0.06082341768605524,0.025636058752046376,81,Call,2025-07-08
1.1211572555176978,1.1945910769599766,0.17308661475295384,0.018190678897459855,180,Call,2025-10-15
1.197633844564954,1.259141931239798,0.15042453496026675,0.02010162502849407,255,Call,2025-12-29
1.0923140746471744,1.2334625953798235,0.07451791569626412,0.0468959986844164,30,Call,2025-05-18
1.1752763500317238,1.0716513234869,0.06823683722516238,0.02944266384800792,215,Put,2025-11-19
1.1837496162063315,1.204805396933962,0.09886255937120447,0.041004296407776114,255,Put,2025-12-29
1.137441686228356,1.1683360801237268,0.17934473234803047,0.0025353691188270914,180,Put,2025-10-15
1.1459735633214276,1.2706829656223997,0.12473836172844113,0.01690216799485354,288,Call,2026-01-31
1.1406986543604163,1.2199198476265813,0.21635162865381574,0.019263589123979685,204,Call,2025-11-08
1.074307958568768,1.0805142220183563,0.11920673628811461,0.04310711142719922,326,Call,2026-03-10
1.2303904915811104,1.2589552534838684,0.1033096154860689,0.007778164690597645,350,Call,2026-04-03
1.067956456725328,1.228297709482555,0.0593732908637054,0.030386590257470116,112,Call,2025-08-08
1.055955988761696,1.2493499355098163,0.09063373690338515,0.010723785472717812,351,Put,2026-04-04
1.0763586992381051,1.1706488377289812,0.12998036069166488,0.008118004314578675,28,Put,2025-05-16
1.1427301693302263,1.237996007660284,0.16414499225309143,0.02282610187014162,129,Put,2025-08-25
1.1700510681102092,1.205969298194838,0.08709679605640455,0.046564818574118844,106,Call,2025-08-02
1.1381358385157823,1.243192541101064,0.06830826519867246,0.036535543769836164,334,Put,2026-03-18
1.2491759074892543,1.2747929309056494,0.07645074156073672,0.04666370191822205,110,Put,2025-08-06
1.1487737068217263,1.0506578041674008,0.24445282714953143,0.04392527550590973,267,Put,2026-01-10
1.217130298080774,1.102040928447777,0.19672789882211578,0.005447002458991008,318,Call,2026-03-02
1.1513827892783832,1.2753617786081302,0.08352945343283918,0.04021667628459996,243,Put,2025-12-17
1.1991226128880272,1.2501090338824659,0.17154891220345225,0.008912152315973027,207,Put,2025-11-11
1.2431584364696129,1.2563223499703842,0.13548235341402215,0.0257699047882745,59,Call,2025-06-16
1.2027472128523784,1.1620042426171242,0.06493800338758063,0.009018810997390643,118,Put,2025-08-14
1.2401534107022656,1.2994041652953667,0.0547933993406889,0.04076651481831868,153,Put,2025-09-18
1.202525714826695,1.1043271452033345,0.08669101677738783,0.02471853769111462,92,Call,2025-07-19
1.1141662573275684,1.112627226162343,0.12012346030088178,0.012291633602767022,172,Call,2025-10-07
1.2339488985867044,1.13349520334386,0.17916807630108691,0.009304971080787372,133,Call,2025-08-29
1.130061042043487,1.0705863871210246,0.13894083827159087,0.016166973250293714,328,Put,2026-03-12
1.193673834903298,1.1184720015211798,0.09939532557695732,0.04355988477947229,244,Call,2025-12-18
1.1712061778745084,1.196560206947935,0.2399982870730662,0.043119686061602484,89,Put,2025-07-16
1.2042687177349092,1.1042866425704663,0.09229793053119939,0.008056945316001873,279,Put,2026-01-22
1.2021004003001425,1.2751354795505032,0.07308435771333684,0.03596055962694958,51,Put,2025-06-08
1.1592166799739378,1.1560345803053995,0.1066870723022213,0.0008657885904328589,230,Call,2025-12-04
1.1610031005111785,1.2739365967380514,0.10844920487133546,0.013067490639455115,138,Put,2025-09-03
1.0631233310970114,1.1406776143380033,0.14665921962501888,0.026373853427766727,283,Call,2026-01-26
1.2351627096971245,1.1045760248029781,0.07390049385924198,0.04003817989458515,150,Call,2025-09-15
1.205217562449563,1.1183298937159913,0.20187932806929332,0.04891168007286913,302,Put,2026-02-14
1.1554997329111414,1.227529474254681,0.1888570341969218,0.042093918104969805,72,Call,2025-06-29
1.1272251238337798,1.2504424864659023,0.20894168569640503,0.049349892787003496,272,Call,2026-01-15
1.2186697787095597,1.0654481683590546,0.1744513479643023,0.014270925073675273,37,Put,2025-05-25
1.1554445617390219,1.2651750464014535,0.1921916413405163,0.034280044389070445,2,Put,2025-04-20
1.1116737998668746,1.290152918956069,0.2200408753979647,0.0431699772118094,273,Call,2026-01-16
1.0842217648745087,1.207842734611689,0.05684096960589516,0.022114321838025055,265,Call,2026-01-08
1.063601900674796,1.1506041132699698,0.10011206363907399,0.013740267043063343,291,Put,2026-02-03
1.1944824144401605,1.2220672181845544,0.23567532095630894,0.007569084255358233,178,Call,2025-10-13
1.0863734483123122,1.0948371773712373,0.15640987140253781,0.023916347166096686,165,Put,2025-09-30
1.1967010509784797,1.0826179931373459,0.14984983595844611,0.04513935820981947,130,Put,2025-08-26
1.1868490676397179,1.1955043549552673,0.12208464885677417,0.0014461371944580637,240,Put,2025-12-14
1.1413800595970285,1.1731052783447533,0.22802834337686295,0.039008319496782407,152,Call,2025-09-17
1.219498179497125,1.0938466592431122,0.05868273014669339,0.004419877779173631,19,Put,2025-05-07
1.2119596959244634,1.120263572860246,0.1333111062139711,0.012190692234984923,290,Put,2026-02-02
1.071636447210128,1.0522009065550508,0.2055581555931158,0.027208107634946854,186,Put,2025-10-21
1.1052953400392753,1.0749099136934062,0.106694611639633,0.048357046211281354,345,Call,2026-03-29
1.1868401555472181,1.1536086820418792,0.19265203147164237,0.011187423723390162,2,Put,2025-04-20
1.1544518027186994,1.0735876240718538,0.07600732561683583,0.018676290880576703,217,Call,2025-11-21
1.1268196568656237,1.228277894925752,0.11116771114703752,0.027191255137945743,23,Call,2025-05-11
1.249377343720942,1.1339247529889527,0.2270702919965899,0.029283799926631555,238,Call,2025-12-12
1.0704563740684405,1.2245944177883517,0.05546535314031114,0.012734750551742835,195,Put,2025-10-30
1.1290978026383742,1.1647552774160892,0.18721865105567204,0.01738579930512643,236,Call,2025-12-10
1.1990076491541024,1.2215840751325249,0.09042267903732444,0.01227601816038817,361,Call,2026-04-14
1.052013480104351,1.2917416197935372,0.10266393820450209,0.006434185440607499,34,Call,2025-05-22
1.1971411668931513,1.275435197513768,0.2184715499456673,0.02223092795369871,121,Call,2025-08-17
1.1343382478211153,1.1422559956047698,0.11690520233884259,0.04035080992511206,252,Call,2025-12-26
1.086854433737183,1.1298721497725637,0.21936970224569485,0.045376572343709745,284,Put,2026-01-27
1.23503647874873,1.275350848530077,0.10058353471658506,0.031091277379289125,103,Put,2025-07-30
1.1069183217625147,1.1265731461954567,0.19071231136934,0.040963045541804265,312,Call,2026-02-24
1.1347071502603068,1.065118447878765,0.1193860691933219,0.012759688507472389,89,Call,2025-07-16
1.0752066427763176,1.221218981838565,0.07446798933685242,0.023744198837965975,306,Put,2026-02-18
1.1944022131683658,1.0566648832451562,0.12405862566825845,0.034683663031129894,182,Put,2025-10-17
1.054927420834636,1.2761444706102785,0.1702447224477073,0.02015331444454657,281,Call,2026-01-24
1.129050193288558,1.222380520826352,0.13559824652794975,0.00944399485838906,70,Put,2025-06-27
1.10344559487301,1.1613520074550379,0.1778307863939369,0.0035533085828933,312,Put,2026-02-24
1.0507524168531273,1.2041331606618235,0.24274356293140187,0.01044978231455075,199,Call,2025-11-03
1.1590446502082035,1.2950070767615114,0.05878078347686244,0.029180311802160127,53,Call,2025-06-10
1.235904841989754,1.244578466349878,0.23982494225928025,0.021922409069338455,260,Put,2026-01-03
1.1451990883994332,1.1294471798868104,0.06811471958724842,0.029826423087128948,231,Call,2025-12-05
1.2261147462809123,1.2517941149818723,0.24910020515670417,0.022288259168412813,143,Call,2025-09-08
1.0559468643662875,1.2823412290000709,0.19846056499908546,0.0007315841659153666,317,Call,2026-03-01
1.20908405097305,1.1135403870174836,0.07546360588907258,0.023632899080079414,100,Put,2025-07-27
1.1439396708340033,1.1556756060708973,0.09531839952610198,0.03809440976043088,264,Put,2026-01-07
1.1886199958479926,1.1773413862907347,0.17838884566409477,0.007382789468305501,188,Call,2025-10-23
1.1376351471933572,1.2368281856942205,0.214904515024443,0.007519725744566875,237,Put,2025-12-11
1.2353751721162274,1.1109832261661967,0.159905387892893,0.02572236482529683,173,Put,2025-10-08
1.1986226111861096,1.2240724041473314,0.11685055072756889,0.02316941753752479,331,Call,2026-03-15
1.091119211472398,1.0588323039381893,0.2212424076528149,0.0038176167881949497,134,Put,2025-08-30
1.1782598479253026,1.1795369822450852,0.1008607869038995,0.014958348194213262,230,Call,2025-12-04
1.0621015950674422,1.1776375727194368,0.15130002774028506,0.03224942863654943,96,Put,2025-07-23
1.2008157975605709,1.1976010539337207,0.13541081807628416,0.03761167936403368,100,Put,2025-07-27
1.1818235009846887,1.1328121122172776,0.07673939933673511,0.03350578762026571,299,Call,2026-02-11
1.0995797960072495,1.1693231088131821,0.0624960905710404,0.03025747835906179,147,Call,2025-09-12
1.2331409969120155,1.0578641846938028,0.09363957361940761,0.026105167874742475,352,Put,2026-04-05
1.1228489861807198,1.2420049705919483,0.06595091673336387,0.04325898134721107,325,Call,2026-03-09
1.1618105934976883,1.175882127889453,0.22015410696677185,0.027328335505034607,300,Put,2026-02-12
1.172979886702882,1.1744557766471102,0.22669115624105712,0.023325852640843844,19,Call,2025-05-07
1.1800360714707847,1.2609164627234422,0.23292647810697079,0.027027810013301595,75,Put,2025-07-02
1.2233876010084666,1.1349017882895338,0.09146323334727272,0.04982823218153122,219,Call,2025-11-23
1.239396980579553,1.2374360316361779,0.06849843544759453,0.04291195124617664,338,Put,2026-03-22
1.1659762302482823,1.1902962735044473,0.2275898410385959,0.03523342179316613,54,Put,2025-06-11
1.2476273001234244,1.1213499962662559,0.2103390061054337,0.04312638155135178,121,Call,2025-08-17
1.0518587271589703,1.196764638835068,0.20031222720622371,0.028653648304529395,151,Call,2025-09-16
1.1011027735164605,1.0916478613750846,0.07615176321257332,0.046119672901331316,80,Call,2025-07-07
1.1178351009637382,1.223429286036367,0.20216012637640834,0.04084003062713897,159,Call,2025-09-24
1.1887617564096453,1.2853869525488075,0.14490673682977745,0.005218849255591119,75,Put,2025-07-02
1.0678149847582938,1.2012867801631588,0.14360572870435848,0.011297287495706361,58,Call,2025-06-15
1.053974399390833,1.0799447638743553,0.13950496474469343,0.031045500100455998,266,Put,2026-01-09
1.0544896699456388,1.1071921631522577,0.09785564712902475,0.029012060024088744,27,Call,2025-05-15
1.2160474777935408,1.2284761414373127,0.05131912315195504,0.012861684939244207,132,Call,2025-08-28
1.2248211661814674,1.0832370505956426,0.20076645736984472,0.01446241181413479,95,Call,2025-07-22
1.1795705751856753,1.1690955840842983,0.16632138997592305,0.016823630894039626,140,Put,2025-09-05
1.1902425035089303,1.0694955163473907,0.10978336724066556,0.009757420908994674,132,Put,2025-08-28
1.1102239100616265,1.1829613709575286,0.18944389749225013,0.046652709893432426,295,Put,2026-02-07
1.1873883566693872,1.1749375747515205,0.12262051036221194,0.007182262909988313,80,Put,2025-07-07
1.0960941534438173,1.072311742467128,0.2389190167140216,0.039608620663183505,234,Put,2025-12-08
1.0945366073641596,1.093162860429262,0.19829736288333355,0.01580432991293129,133,Call,2025-08-29
1.2064757279411442,1.2538256919737913,0.21437556388295798,0.023128493221122877,279,Put,2026-01-22
1.2371555739746132,1.0822638939276774,0.11672509850435608,0.036411318269219776,252,Put,2025-12-26
1.2402724984103755,1.2249723295088508,0.22554194456903764,0.012039917020892694,7,Put,2025-04-25
1.1785424249422483,1.2056764261426733,0.17728141823430366,0.02300855412364355,294,Call,2026-02-06
1.1061479446858287,1.1454482204699126,0.12497662381667485,0.048344337683556775,146,Call,2025-09-11
1.1748731891300925,1.0587333717935083,0.17262991040713324,0.016608307969419846,148,Call,2025-09-13
1.0807835261185639,1.1842446302636882,0.23514571881586285,0.00031106070407020404,123,Call,2025-08-19
1.1436744256157358,1.232451969989852,0.23158635983582945,0.012045111450386831,198,Put,2025-11-02
1.2207209306634896,1.180596395309477,0.1613873524052144,0.043855720865117576,135,Call,2025-08-31
1.0536219674211815,1.152262419706284,0.07252901959830725,0.020497319749320054,19,Call,2025-05-07
1.1256528488222952,1.254102229956105,0.21238816940015226,0.024930552692308955,98,Put,2025-07-25
1.1536047401809733,1.0600491871021167,0.10200608313121161,0.031161791108860384,114,Put,2025-08-10
1.1752551996177492,1.2828143883838865,0.21944907087692317,0.040207993755899674,122,Call,2025-08-18
1.096604687688444,1.1408977017350066,0.13488870317768728,0.04946337848605806,245,Call,2025-12-19
1.208166659819332,1.2262648620323846,0.23852510367716434,0.041506485858678666,249,Put,2025-12-23
1.0550860462750684,1.251991423167856,0.20036732881859798,0.014990371723831449,168,Call,2025-10-03
1.2439765918369279,1.1693502925563939,0.09295463591297089,0.0426479425715081,103,Put,2025-07-30
1.201504470246831,1.212168989783923,0.13951161483706495,0.012076102129375023,118,Call,2025-08-14
1.1542619172216222,1.1042709655910434,0.08917231315776858,0.004259098264437456,344,Call,2026-03-28
1.0858971400357407,1.2545345940941068,0.19658415805924034,0.021389736124515713,238,Call,2025-12-12
1.1605292584526772,1.1085627420485245,0.11800036197966857,0.03820282651189402,360,Put,2026-04-13
1.1261853899973335,1.101403369291864,0.18678644311649886,0.00027230108682492206,242,Call,2025-12-16
1.2434172367863503,1.0547764358453762,0.11275860060788673,0.007924650881167927,198,Put,2025-11-02
1.0686775558609667,1.1002500920605258,0.21127458881560313,0.04225612243731635,75,Put,2025-07-02
1.1488487954323012,1.2679311298611022,0.16508014669336193,0.022771619622722547,332,Put,2026-03-16
1.134436507092567,1.1121295465190353,0.09567578883815087,0.04587268792646123,140,Put,2025-09-05
1.115124148520462,1.1606474612176465,0.18515868530138044,0.015810797675533735,153,Call,2025-09-18
1.1249878964206936,1.2206719202426286,0.09093181253213407,0.01393129485102404,225,Put,2025-11-29
1.244411355846734,1.2426218782943663,0.09285818149729463,0.048322941231254,349,Call,2026-04-02
1.0879052280831734,1.1464399865425028,0.12489966282473741,0.0278194982935717,192,Call,2025-10-27
1.127073900401216,1.1111281666575181,0.14392488909885223,0.035080525625258395,352,Put,2026-04-05
1.200200390582955,1.0870806607918335,0.18845930040287878,0.00969525818297165,264,Put,2026-01-07
1.1689811255421099,1.1729075738800305,0.20461164232579065,0.01710984902229602,359,Put,2026-04-12
1.2228817286949418,1.2146885007453578,0.12894056546305635,0.014155273419175718,14,Put,2025-05-02
1.1298198469565581,1.1745250357512522,0.19662496232902718,0.036133918085558596,308,Put,2026-02-20
1.152433452456552,1.242705997691423,0.06940066449660354,0.020311933667873802,120,Put,2025-08-16
1.2084269376168166,1.1435711543578326,0.2416153370448535,0.018327751932414812,241,Call,2025-12-15
1.2114030952958061,1.0718510049274381,0.06573269343051476,0.03199374767255232,213,Put,2025-11-17
1.1276964681973909,1.1876570612149289,0.16810197419543382,0.03029137312080295,17,Call,2025-05-05
1.1851840846510193,1.0757005201325442,0.10022473881648886,0.033882742852616436,68,Put,2025-06-25
1.2435759234211068,1.1081398611186832,0.16734880262252286,0.03707077998130769,49,Put,2025-06-06
1.243828076088379,1.2226909122541938,0.0867162224247914,0.0013694030568050576,254,Call,2025-12-28
1.1063430885106167,1.1892278507161511,0.22368686192379836,0.02171838760369407,95,Call,2025-07-22
1.1786160964399222,1.234009173844671,0.060834013842531114,0.0004880039077693355,6,Call,2025-04-24
1.1544045010517587,1.214843306070551,0.24912199737822183,0.02622559571542074,104,Call,2025-07-31
1.2435103797800002,1.1622981954927791,0.12363576821812955,0.002817962900758686,352,Call,2026-04-05
1.0549101030174275,1.2952708155623658,0.07924229114243404,0.012140819128923603,233,Call,2025-12-07
1.2146842387169816,1.0602263940655672,0.15409643267009912,0.04116011589453234,304,Put,2026-02-16
1.0517588755672844,1.1939096051048996,0.19072139860790682,0.013409543270042857,164,Put,2025-09-29
1.1227595354958189,1.222249855003987,0.08294529665332753,0.010524976278173965,34,Put,2025-05-22
1.075775384550937,1.1572864462073342,0.20419872171406847,0.04914542152825296,263,Put,2026-01-06
1.0708494649097657,1.0788376925322114,0.08823670728533864,0.014169074580040915,147,Put,2025-09-12
1.1432619082327156,1.237141426705315,0.23335721707574403,0.02014158511905459,312,Put,2026-02-24
1.0786391538170725,1.1249328616456864,0.08180415545952191,0.014698651951973257,9,Put,2025-04-27
1.156289267331088,1.289291482001891,0.13129743369043287,0.010293016214606921,58,Put,2025-06-15
1.2273339390700133,1.2526677545231377,0.1392633969698365,0.02452060299203673,59,Call,2025-06-16
1.1027293150626636,1.0865520361767662,0.12774368515380755,0.025815182377062602,56,Call,2025-06-13
1.2411124454161606,1.2695982375446964,0.2073450488909503,0.03445522750853902,153,Call,2025-09-18
1.0533785231366208,1.2117717868363695,0.1713921977345353,0.044365172339115785,95,Put,2025-07-22
1.0984926401934096,1.1460695228907838,0.14004931091303416,0.016162448065184548,51,Call,2025-06-08
1.1235714223729452,1.179958171952148,0.11371577215769857,0.00975178587207104,34,Put,2025-05-22
1.2493835387920535,1.163861630921169,0.11611086056513753,0.031030479171334602,271,Put,2026-01-14
1.060615779637939,1.200314977960701,0.11701666385707046,0.014836869593156771,359,Call,2026-04-12
1.12662553083688,1.2678355007287223,0.10812132991376051,0.03609523724199888,73,Call,2025-06-30
1.2054968272243831,1.2650175613239643,0.17765621066964132,0.049413582977288546,187,Put,2025-10-22
1.0955086340729219,1.270503230119376,0.1250419974706123,0.015672563090824432,181,Call,2025-10-16
1.1742371467369825,1.2252856591432726,0.09190052687208461,0.012182595374401051,311,Put,2026-02-23
1.2439207822271654,1.2525138032599932,0.18202297724284972,0.03763729134046914,200,Put,2025-11-04
1.059819661216638,1.133910957076409,0.2343777076851582,0.019244657675648032,152,Put,2025-09-17
1.203700000011387,1.2087608579986793,0.2225163802744432,0.010920499579136928,312,Put,2026-02-24
1.1163904164943301,1.2745287711135405,0.18591474903591027,0.03637074705230952,187,Put,2025-10-22
1.1361605879787995,1.1407334496969066,0.06545029969475538,0.002156170753379161,305,Put,2026-02-17
1.1739497598263962,1.2396513361558197,0.15881560196832833,0.048470453777914126,151,Call,2025-09-16
1.0552564886240305,1.1204882561595269,0.10435649167601527,0.004644366903404357,77,Put,2025-07-04
1.2436571304775899,1.0892244638270725,0.11421346728622944,0.013878306881848735,216,Put,2025-11-20
1.243379865288291,1.14069601005025,0.11694085845801049,0.04314381552180599,256,Put,2025-12-30
1.2050964718991442,1.0880586607637825,0.22928796768133075,0.007567703228862188,303,Call,2026-02-15
1.0663540610636377,1.2648123872295163,0.20914038844506463,0.030157820003997634,329,Put,2026-03-13
1.1949856732407191,1.1479800124160227,0.24069678140486556,0.02559998167039191,354,Put,2026-04-07
1.222961975445277,1.075231789889992,0.20377955456090735,0.027770186082889333,314,Put,2026-02-26
1.2375306563044053,1.182163662487922,0.1701493739401127,0.007156310857684978,163,Call,2025-09-28
1.179158172515445,1.0997497517619501,0.07238829473533426,0.0120654583322587,154,Call,2025-09-19
1.1828308151926161,1.0935950880508545,0.1553683212213493,0.004964228082910721,261,Put,2026-01-04
1.1068474734479568,1.2025754697492694,0.07909937297482056,0.019981236007065403,226,Call,2025-11-30
1.149413261682775,1.240116579890811,0.23656751941172924,0.049062944950064545,211,Call,2025-11-15
1.2499368432501956,1.1940200802099763,0.2306766447150919,0.00708407338553676,212,Call,2025-11-16
1.1902248768465107,1.2993565279633557,0.16830527876263682,0.01902879273713472,106,Put,2025-08-02
1.0586263897684343,1.2652398936473315,0.14639582780091878,0.03977729425694959,111,Put,2025-08-07
1.0844124034475426,1.0855029850177365,0.1610318766602315,0.026717405325539484,12,Call,2025-04-30
1.1400169643985865,1.2109240540876414,0.2088737483360541,0.046107823092672674,305,Put,2026-02-17
1.0948188478116925,1.2459633986147365,0.050231746371763135,0.011537724523427485,88,Put,2025-07-15
1.1612430144590529,1.0658929090954259,0.09842468722267828,0.04481602907130619,225,Put,2025-11-29
1.1126057472122368,1.195880216576487,0.09313259792302547,0.04513836314476443,326,Call,2026-03-10
1.1183433659425226,1.1259054249753617,0.1953881035634869,0.017074695616003915,123,Call,2025-08-19
1.0855969637201246,1.07279798315921,0.0684397859060649,0.015447322469588187,53,Call,2025-06-10
1.0599942893084904,1.2155433451683573,0.06556946045471375,0.005992097741317104,178,Put,2025-10-13
1.1839337620942079,1.1836557812668016,0.14897302131298376,0.011521514739129596,54,Put,2025-06-11
1.073038605009972,1.0922307082299552,0.060205804010938585,0.00433036501595433,18,Call,2025-05-06
1.221169786738097,1.2230326195186456,0.1315881589220298,0.005425201467719643,319,Put,2026-03-03
1.146432105638351,1.2133135824435246,0.2225643303141697,0.004564025311556213,148,Call,2025-09-13
1.2137131921353885,1.0516247897625768,0.1694215369294673,0.032583796339475904,30,Call,2025-05-18
1.2126083948907886,1.115069674628929,0.1952710387597596,0.03815098743424325,87,Call,2025-07-14
1.179650630354737,1.2794187141668327,0.06699774373287014,0.0415987540989079,331,Call,2026-03-15
1.102872988347686,1.2572874754289076,0.22626877801249398,0.048922998830663936,228,Put,2025-12-02
1.194004727959937,1.0536663769596328,0.2074639679472467,0.02241231902951156,89,Put,2025-07-16
1.222522160483169,1.1653169716858855,0.21787654521302052,0.03679451769149832,104,Call,2025-07-31
1.1817641183314824,1.074263928433154,0.236282349351411,0.019192334131896673,185,Put,2025-10-20
1.0590367098631945,1.1645351610496997,0.07371565760631875,0.04142845018383792,351,Call,2026-04-04
1.2038718989294788,1.2347907126809652,0.18186235242895404,0.04600381063246618,218,Call,2025-11-22
1.1036887442391232,1.2705844830530373,0.2104017346434965,0.036024763079536254,118,Put,2025-08-14
1.0557742031841764,1.1684276962252187,0.24861533316293305,0.001073641453500257,125,Call,2025-08-21
1.1484523887373168,1.1349592418780683,0.12357502465255293,0.023059936242480428,271,Call,2026-01-14
1.1575847863331585,1.299797012106354,0.08627386401038058,0.023828696477914052,217,Call,2025-11-21
1.1020907383243588,1.2175662870461457,0.07787594286102423,0.034445088590614924,364,Put,2026-04-17
1.174217164931251,1.0608396704283067,0.14207121191075245,0.04310312410733779,308,Call,2026-02-20
1.19266261953991,1.2286827840274164,0.07708882517105974,0.0016265702583854126,274,Put,2026-01-17
1.0871247969447997,1.1499622220137542,0.10798724365742052,0.00498686305732014,157,Put,2025-09-22
1.1244058644295187,1.2049969377636525,0.09651371842878019,0.035971491041802285,148,Put,2025-09-13
1.0657949261451263,1.2287090041030713,0.20846141797677223,0.02353163491258234,185,Call,2025-10-20
1.163805613073808,1.1613397910454428,0.1729811714002652,0.033975208207196066,86,Call,2025-07-13
1.1078163072525133,1.1461458821694035,0.22874240991089798,0.011657009536321223,89,Put,2025-07-16
1.1963476700499716,1.209785997982273,0.12774776910112198,0.002589391581799505,229,Put,2025-12-03
1.1827963107885684,1.1030510735608599,0.23052783985758515,0.011762391199098377,355,Call,2026-04-08
1.1804861290741053,1.2175116992924055,0.23932413893847868,0.007306786844566077,16,Call,2025-05-04
1.1985798614358036,1.1651388135273588,0.17969228397328174,0.01781797463736075,183,Call,2025-10-18
1.121015959539811,1.2189724909356825,0.11011783254661814,0.010214406453641973,202,Put,2025-11-06
1.0848060254993432,1.2053154153969836,0.19935434327436785,0.041785851652253736,56,Put,2025-06-13
1.0803167062507322,1.1904118064921057,0.19486574291276443,0.03680878285761125,236,Call,2025-12-10
1.1900749801245007,1.0980308373625363,0.12368909758207491,0.04974918041703751,351,Put,2026-04-04
1.1779661047444647,1.0948846936564902,0.1858992989165781,0.0015075782049949861,107,Put,2025-08-03
1.1257963403575506,1.0700609156401457,0.19721762288511863,0.0038666690021708196,270,Put,2026-01-13
1.130244160318065,1.2972537601755902,0.23979443934326708,0.01924932243651208,204,Put,2025-11-08
1.191492957881615,1.2861844303456502,0.17384916079965282,0.016913029019769637,198,Call,2025-11-02
1.1254051201436972,1.1936855877745998,0.13949847012298522,0.019446105291041096,227,Call,2025-12-01
1.2139111339999573,1.1340722514162827,0.1933718552742869,0.006370919344660265,296,Put,2026-02-08
1.1781273299343,1.0826990006125898,0.07161535429695602,0.04484718992664996,303,Call,2026-02-15
1.0767906174644009,1.1835388598432837,0.09890019025233276,0.018265037349252358,312,Call,2026-02-24
1.0589378485660326,1.094710500793863,0.08308462309226788,0.03462351367167573,228,Call,2025-12-02
1.0902228236258815,1.2233612135067995,0.15006696097773276,0.019156945361112183,139,Call,2025-09-04
1.1660928883969877,1.0911908800354517,0.12538055795468955,0.001930886161673634,174,Put,2025-10-09
1.1742777389410963,1.193657317302123,0.19353824608656028,0.018155637656934565,42,Call,2025-05-30
1.0901554311602797,1.1621773721407485,0.1904891800088725,0.017188624237131057,360,Call,2026-04-13
1.149304516260445,1.0997897349437937,0.17052046217806943,7.581354281903652e-05,273,Put,2026-01-16
1.2084122726635829,1.2049931246491954,0.1399404947640534,0.011018394727004228,343,Call,2026-03-27
1.190466413468458,1.148624039205868,0.18103128957130865,0.025201227345595663,351,Call,2026-04-04
1.244408482437864,1.067629575006511,0.197453063131133,0.00023688950536102094,23,Put,2025-05-11
1.118640672278459,1.0804112217836042,0.14998657078817143,0.03741527432303648,184,Put,2025-10-19
1.180451869290568,1.1404756395713214,0.222671409671187,0.042841718874336805,236,Put,2025-12-10
1.1549604629285126,1.0732488974098384,0.16881642585719595,0.016233859231755705,328,Put,2026-03-12
1.23623369883329,1.2499997309162059,0.06307159292725077,0.01547224100171501,150,Call,2025-09-15
1.1961596300182613,1.284669309243202,0.059969319246764054,0.024486051968347185,326,Put,2026-03-10
1.1502058800883541,1.0878123376359414,0.17912449132688132,0.004495156124350891,279,Call,2026-01-22
1.160899564891082,1.290147447493391,0.17247197527245348,0.03956027631075745,286,Call,2026-01-29
1.09605877538351,1.1394495785535461,0.10182100884657319,0.04695271660793735,341,Call,2026-03-25
1.183166664460712,1.093215769167129,0.06964183693527613,0.03448263327371106,184,Call,2025-10-19
1.1866658652553501,1.2498364110585538,0.11655011589385594,0.014628252726070434,108,Call,2025-08-04
1.119723078519397,1.2517221495679174,0.21235460317843302,0.0333771899013959,124,Put,2025-08-20
1.0746083265044573,1.135058821728982,0.2351139602614507,0.014118229455440556,262,Call,2026-01-05
1.0687954508015256,1.2722566278874614,0.10165338847574992,0.024128282055958867,330,Put,2026-03-14
1.2144819422825621,1.1458495921526028,0.10354709097950504,0.03963770657253063,339,Call,2026-03-23
1.1878079561740968,1.2450736676298537,0.11414863594512192,0.049988283038549894,219,Put,2025-11-23
1.1861867213957387,1.169959318819688,0.17379550315536443,0.04742666965706224,185,Put,2025-10-20
1.055951593711485,1.2276576801424135,0.16643061079091934,0.015455866733024638,278,Call,2026-01-21
1.1295899675624284,1.2722333960927543,0.12555226906038017,0.02207507796247868,359,Call,2026-04-12
1.0568956891663475,1.233060681377344,0.06049324147600417,0.014553920652491526,301,Put,2026-02-13
1.1515118264950972,1.0652213941947473,0.13639006908827325,0.00912341690316742,293,Put,2026-02-05
1.2396028119814892,1.0869003379266902,0.23114548376594415,0.014148296014462325,161,Call,2025-09-26
1.0929591758424044,1.2823834363112,0.0766396597366992,0.03900809191798622,182,Call,2025-10-17
1.1320806597640336,1.0767328303094288,0.07887334774798734,0.03678906155993799,135,Put,2025-08-31
1.1782109020993323,1.2401902651133094,0.10582476431326016,0.01283705688857828,49,Call,2025-06-06
1.0569067222507535,1.0548445500415995,0.21540421353604822,0.04935351275245306,353,Put,2026-04-06
1.1566552684835043,1.16555957337425,0.14361315634145952,0.014691090341065388,132,Put,2025-08-28
1.2416317489184427,1.122613107972595,0.07288927124821001,0.039405515312783156,170,Put,2025-10-05
1.0536289978655,1.0946508199044622,0.13577957575351712,0.014233802131379559,82,Put,2025-07-09
1.2014536867615149,1.1355916756617954,0.17535484956816272,0.04444102380127566,328,Put,2026-03-12
1.1597435447539846,1.095984519622314,0.1798742310850903,0.005263027418392541,177,Call,2025-10-12
1.1293078666463696,1.064179338134049,0.1901076847845486,0.04953853458522602,167,Put,2025-10-02
1.0978283455719093,1.0753313540466942,0.1320882497404216,0.02164272149440334,140,Call,2025-09-05
1.1469747256585674,1.1127610106334673,0.09510758614379373,0.04841540911191214,64,Call,2025-06-21
1.1546728115892253,1.2253040550314918,0.07246561190131347,0.028365635659747687,287,Put,2026-01-30
1.1412494242912457,1.2512504177926584,0.07941098419692641,0.02619809956648004,268,Put,2026-01-11
1.0715269629915678,1.2332222002793602,0.18824049481896804,0.00142866398888159,170,Call,2025-10-05
1.0985527964633204,1.1816993435481027,0.06365920931500678,0.040291397537345335,16,Call,2025-05-04
1.1717601383989238,1.0978860356385138,0.15289681073407832,0.033504982810122264,254,Call,2025-12-28
1.2084575963094877,1.2440512377728805,0.07543981845446722,0.029734068557759875,116,Put,2025-08-12
1.1273401399894996,1.2032604524146404,0.2249491963877236,0.04834176945211097,17,Put,2025-05-05
1.1234636350306018,1.1335875113628147,0.15080969954764525,0.025479735130743586,187,Call,2025-10-22
1.1144743352298858,1.1510958925193493,0.11789878422297878,0.03629177134572019,210,Put,2025-11-14
1.162534539165429,1.2325220288341665,0.19325371272084246,0.0328598988547898,18,Call,2025-05-06
1.2291569423867996,1.0939354654206712,0.11730725749466718,0.04437008581545465,351,Put,2026-04-04
1.1799337405532635,1.1082424568273814,0.16359875040125163,0.03452985355178555,284,Call,2026-01-27
1.2076789210591052,1.2011382818605905,0.19244073667569156,0.011606370939992084,128,Call,2025-08-24
1.235272622272719,1.1472805877850607,0.12526957341138376,0.02778095492789069,313,Call,2026-02-25
1.15513825558618,1.1815729941162596,0.09074019480769809,0.0182030137172437,59,Call,2025-06-16
1.1209102343924635,1.0743167125605777,0.08701755873945967,0.04545437976376467,210,Put,2025-11-14
1.1888665822538045,1.2584683350555013,0.10515514603531313,0.02975829457184394,134,Put,2025-08-30
1.1189496780592227,1.2165686554610156,0.055420444461367846,0.02227726727703574,171,Put,2025-10-06
1.0771248355580738,1.1229854049570887,0.18817507232545372,0.02458268533462711,348,Put,2026-04-01
1.1608772780372676,1.0736878972204802,0.23744284381915698,0.03329901045431904,57,Put,2025-06-14
1.0997198869575433,1.2514799858399452,0.1674324629478866,0.006701816751626222,162,Put,2025-09-27
1.2379439057330668,1.2666912247165272,0.23189895469234423,0.02513658200463932,301,Call,2026-02-13
1.20651871878609,1.1587667454480637,0.13170486041845572,0.019253333549757598,143,Put,2025-09-08
1.0700554796018997,1.1398145708151965,0.15907718754706024,0.033018450770704894,145,Call,2025-09-10
1.2411363061814022,1.2717030533564757,0.15837729869475684,0.04918401506877729,354,Put,2026-04-07
1.1607673493028035,1.195557993507875,0.17085531009897234,0.006412941871996903,323,Call,2026-03-07
1.211972763384317,1.0968928015737658,0.23369958412516934,0.005864522786870369,310,Call,2026-02-22
1.1573449493101076,1.2874341628064863,0.07410319236722394,0.04502842847171435,285,Call,2026-01-28
1.0750838714856368,1.2418715420247726,0.18136454250145073,0.033749461530509874,293,Call,2026-02-05
1.0953176946636294,1.223699093313274,0.1289166806497245,0.03850361149577804,362,Put,2026-04-15
1.1917583655031345,1.1273354738959775,0.21129576597010505,0.02568748626535186,191,Put,2025-10-26
1.212528885470785,1.2666778395149425,0.2270625086438096,0.005010107698980859,328,Call,2026-03-12
1.0532584618837144,1.1779522674733651,0.18341310167394395,0.02822137354754844,148,Call,2025-09-13
1.1375678638699176,1.2915262808229364,0.16441378103877033,0.04911479154137134,285,Put,2026-01-28
1.083604540810391,1.0739625349467508,0.2009658217755572,0.03607624905025586,300,Put,2026-02-12
1.0674488063357712,1.0782542713304595,0.24052197000098963,0.02637622697885572,114,Put,2025-08-10
1.2458630129496782,1.2444008089805108,0.08125417630024541,0.047951127595794396,304,Put,2026-02-16
1.1450308575362178,1.2758702939083972,0.12907074113418923,0.03968777323645661,280,Call,2026-01-23
1.1921511368023627,1.2787540303127072,0.05307460874669259,0.022301562768800173,224,Put,2025-11-28
1.1676722695909607,1.0687294181815865,0.07185314611698344,0.024163357276594452,44,Call,2025-06-01
1.1856757475425836,1.131316940184776,0.22659956996492828,0.016596731972672446,180,Put,2025-10-15
1.2312374780789377,1.1168475660635189,0.1913060407568238,0.022058949071730363,68,Put,2025-06-25
1.1828895786711502,1.199480279495127,0.08968887179050633,0.018266612500162017,115,Put,2025-08-11
1.119061626959496,1.1239574042568234,0.1430333534287219,0.012327426908289347,219,Call,2025-11-23
1.1466383575002683,1.2501411378919578,0.06097054672045008,0.026720717798197485,114,Call,2025-08-10
1.0629441568717464,1.0649530514565761,0.12132144833194172,0.010042513825286203,196,Put,2025-10-31
1.0628979851151688,1.0711575418624295,0.23065338101940672,0.012071014434082617,250,Call,2025-12-24
1.149659767175142,1.0914135231779643,0.10649584715995011,0.025921627885875292,351,Call,2026-04-04
1.248797388117582,1.0669346181946404,0.057510416293986746,0.02771404757284326,67,Put,2025-06-24
1.189004006714141,1.1790886311527484,0.15124529957631483,0.0488693909194831,171,Put,2025-10-06
1.1538987014548951,1.2649068178906302,0.06466805047730316,0.025875218918606238,84,Put,2025-07-11
1.182961934488877,1.2617218349041395,0.10823397170430504,0.011398244098979639,87,Put,2025-07-14
1.11558922602479,1.2926015291163895,0.08110086475087655,0.04234114803437392,30,Call,2025-05-18
1.1725480092075433,1.2182218083055996,0.12010063658831922,0.03557342519684359,47,Call,2025-06-04
1.2175634538012792,1.0965128720421458,0.17450555164643616,0.023253400605981456,220,Call,2025-11-24
1.090494552551263,1.2546747884917808,0.051174318224390274,0.033484948811070496,104,Put,2025-07-31
1.0549154983825995,1.0939438980099103,0.1832853385417999,0.01874984715893029,184,Call,2025-10-19
1.1395310963859984,1.2658828063130427,0.2384951576388737,0.016417218229552916,277,Put,2026-01-20
1.1522894248466442,1.0501842097843939,0.16476315058520621,0.013810634782166065,340,Call,2026-03-24
1.0711727806892095,1.174969858010517,0.09705454700107759,0.03223882775413762,87,Put,2025-07-14
1.0668495862652183,1.1228617803682366,0.09869644365778588,0.033539055919883896,232,Call,2025-12-06
1.0612826292149555,1.1961906082086946,0.1856488165936652,0.023215336160056957,214,Call,2025-11-18
1.226345039975937,1.1929547993288814,0.10467592170156553,0.03883197708368098,85,Put,2025-07-12
1.0685793151032896,1.1185147836935938,0.05799699848177862,0.02496076756975371,260,Put,2026-01-03
1.0741583562286698,1.2671737993098304,0.14343749993250682,0.039012487005803634,344,Put,2026-03-28
1.1408356124875814,1.255772036803851,0.22847112560866176,0.025648744057528317,272,Put,2026-01-15
1.1497657582027478,1.0856524253590765,0.14069532254018635,0.0076522387910152034,27,Put,2025-05-15
1.2237023074389204,1.1555986229104867,0.16094671532577445,0.029094224886859855,85,Put,2025-07-12
1.0568632174536907,1.0820514914029253,0.09282883501896151,0.04701814168495843,200,Call,2025-11-04
1.1630840184345363,1.2633079111987773,0.13974861111564257,0.001333492910312556,96,Put,2025-07-23
1.2321162093389655,1.2890717428444636,0.056364789171385814,0.004168741499675499,238,Put,2025-12-12
1.1974701736673419,1.2055788831988923,0.19069447717735255,0.046545300646831586,175,Call,2025-10-10
1.2356351263742469,1.1050421051245893,0.15101182438114194,0.03666076367004519,295,Call,2026-02-07
1.2496231686117918,1.0991379198676132,0.14961904011755955,0.04373193025195496,248,Call,2025-12-22
1.1873982052363174,1.188804649825695,0.23136698911373765,0.029550554235117002,63,Put,2025-06-20
1.1837440671665096,1.1480401426419855,0.2350677494729787,0.01257818211760739,87,Call,2025-07-14
1.1733138505283736,1.186131912627301,0.2050132795070611,0.044535511717607466,101,Call,2025-07-28
1.0605728245866812,1.1656418497004137,0.14358872842044637,0.02204272060093609,168,Put,2025-10-03
1.058584807356222,1.1804853319796758,0.08045197022005507,0.04161249565434929,52,Put,2025-06-09
1.2159740214025268,1.0598284480766804,0.23356595370932115,0.011442544565709579,137,Call,2025-09-02
1.0672964015751043,1.1469006684528777,0.21972385183048004,0.048853418814508776,220,Put,2025-11-24
1.080097343919565,1.270388402468857,0.09593736367108857,0.043181998877488054,10,Call,2025-04-28
1.2463925735438255,1.2078224550395285,0.20306394040592585,0.009773402124742415,358,Put,2026-04-11
1.1217304682333133,1.211638805575211,0.16513113727667447,0.0057334937476714865,89,Call,2025-07-16
1.2229078731582295,1.1038474545050199,0.2466062572758769,0.008286507312424375,242,Put,2025-12-16
1.177514293099328,1.1266628056577634,0.14742247342876627,0.009702009630039966,144,Call,2025-09-09
1.077120037034643,1.2605152888560567,0.15789368224811343,0.037145043521115605,22,Put,2025-05-10
1.160017991287353,1.2506740573136184,0.24789472755743214,0.04363898003435221,278,Put,2026-01-21
1.2317864681233162,1.2711203469035195,0.18983012264807164,0.011834565079481718,240,Put,2025-12-14
1.0517773093804066,1.078909600078589,0.06823099413580673,0.03509994811897831,14,Call,2025-05-02
1.2084287517853054,1.2499606604865547,0.18447875795677998,0.01822488778599019,286,Put,2026-01-29
1.071966697213035,1.0656973671690262,0.2134902033186352,0.023620479059460155,49,Call,2025-06-06
1.0840956996503437,1.2441972806836443,0.24372029514232388,0.03041947679065994,221,Put,2025-11-25
1.0650326077058327,1.1042515037319296,0.21558345057353098,0.0016332153188696463,130,Put,2025-08-26
1.1102053521369286,1.2414942957716084,0.07685511685908052,0.02080248082339676,257,Put,2025-12-31
1.1224822713374896,1.1533078210186998,0.23768078099898518,0.007720393371903095,351,Call,2026-04-04
1.1952376419419326,1.0993608085835451,0.12943298278898838,0.009275792621747592,329,Call,2026-03-13
1.151346966288994,1.165345681106886,0.18596813398678388,0.02313007929907215,286,Put,2026-01-29
1.171736001583341,1.2052200952231702,0.12591683084010308,0.01923484471935982,190,Call,2025-10-25
1.1475682991080876,1.2925446640949825,0.09793889659843663,0.04444822601672388,18,Call,2025-05-06
1.2491060569136683,1.2898185243412414,0.2033568670342844,0.01898598043333706,99,Put,2025-07-26
1.0773583227059533,1.27300476161605,0.07084325173684884,0.012218445725531657,234,Call,2025-12-08
1.2151436864861662,1.1545805762244221,0.24287413137097386,0.030296503209414655,219,Put,2025-11-23
1.0876922887939577,1.2472097666308322,0.1696325530818178,0.008649036384299475,348,Put,2026-04-01
1.1072283249392185,1.1822409203646298,0.11215929607478446,0.03443111974628212,324,Put,2026-03-08
1.1185256926131415,1.1358768765542357,0.2211610936122374,0.044500890225771916,250,Put,2025-12-24
1.0894933822353967,1.112878601303928,0.19576089372540226,0.042712028017520325,220,Put,2025-11-24
1.1862231273421813,1.1424904287590838,0.22702479040448664,0.04966435205553249,218,Call,2025-11-22
1.1503946295516474,1.0639775306286974,0.14280156819455456,0.04544662089068184,236,Put,2025-12-10
1.1452817424889286,1.2324588767848312,0.1881019793043627,0.04183797358964543,86,Call,2025-07-13
1.1582743321779643,1.192732819716607,0.06978467828791515,0.024396628068655047,91,Put,2025-07-18
1.1522691937460552,1.211301914294289,0.24444025997570254,0.019917065633206152,41,Call,2025-05-29
1.132951110120207,1.1043100493064961,0.20419109376297687,0.0044902096619072185,39,Put,2025-05-27
1.2112720197233107,1.2270020372337582,0.2489924835706453,0.038526772433434095,51,Put,2025-06-08
1.069247928414486,1.0786006957367977,0.06543056146369851,0.028352813558229342,29,Call,2025-05-17
1.1620673286472916,1.0619331299347963,0.17149341818225589,0.03408531848555862,162,Put,2025-09-27
1.1010980994233739,1.1567589805869114,0.0859728365776588,0.008004218697429405,91,Put,2025-07-18
1.0938577028866612,1.2544925810787653,0.05112683037644488,0.03879556707751395,299,Put,2026-02-11
1.1237019950387905,1.264415900602823,0.05596813337673101,0.04929531160599818,95,Call,2025-07-22
1.2091702272755265,1.2634145272219215,0.22038121902713123,0.0483085270330905,331,Put,2026-03-15
1.2045289062997036,1.112897250466887,0.09636521218069571,0.0021298595308253845,363,Call,2026-04-16
1.0525585300673832,1.1804738102120407,0.16882954885946092,0.023237784303082633,341,Call,2026-03-25
1.073938892995972,1.1224752081734104,0.18507863112856968,0.033192403126331704,240,Put,2025-12-14
1.1442984401769216,1.2474411263666916,0.19358601787133367,0.02068947472039312,235,Put,2025-12-09
1.0710020210756213,1.1834400752192298,0.10854271078628919,0.03039433658577689,220,Call,2025-11-24
1.2342415707561234,1.1836040311711244,0.20260871415300832,0.02687578559407391,148,Call,2025-09-13
1.1174869555213829,1.214287308222903,0.144793596209101,0.03263482462975047,352,Call,2026-04-05
1.2148933235710733,1.282261598852455,0.23415893995524273,0.025666120158247548,256,Call,2025-12-30
1.1223780163242687,1.1452597961331965,0.09151491308791762,0.04535297122948918,256,Put,2025-12-30
1.0553909730923148,1.1069534141508144,0.17068340949057606,0.01774406589429738,302,Call,2026-02-14
1.2171755289463846,1.1679174478299759,0.09410756400874923,0.04373577623815032,85,Put,2025-07-12
1.1450911004634254,1.1622990700339637,0.14479513068236846,0.010253093811169872,239,Call,2025-12-13
1.1595828054822406,1.240747992240892,0.22170206893763822,0.03460294883582446,97,Put,2025-07-24
1.1251506528052544,1.1234739721300249,0.19698386305985904,0.04253005045489762,308,Call,2026-02-20
1.059728279892933,1.2197017534968184,0.14307906156666497,0.030495047857793833,154,Call,2025-09-19
1.0585583182374247,1.1822522733160974,0.1132125716795728,0.011662602499275337,145,Put,2025-09-10
1.2337689380394345,1.1469693165602166,0.09156456715670958,0.035344133394844456,252,Put,2025-12-26
1.1602551365290774,1.2511744407212493,0.2165653241907584,0.029578102872568363,159,Call,2025-09-24
1.2099029824124283,1.1217686087850198,0.22238491526032364,0.032722946855450956,238,Put,2025-12-12
1.1047044304830174,1.0763940345488876,0.22349635849683605,0.0019661885952474423,34,Call,2025-05-22
1.1931688212186433,1.2598161361918734,0.07077877094432697,0.013532936196695195,273,Put,2026-01-16
1.2072055350589401,1.2784606363929614,0.0655713289776533,0.049487844994020896,51,Put,2025-06-08
1.0649831739715987,1.12622066998242,0.1818594222204142,0.027153399129763903,238,Put,2025-12-12
1.1119087217329733,1.1139720372363138,0.08598235887671427,0.018959797292811487,43,Put,2025-05-31
1.2462812456032468,1.21566535888981,0.10439662865037545,0.03014196389038323,320,Put,2026-03-04
1.0614606243324485,1.2673812191177278,0.07025324215980766,0.045455709212015416,280,Call,2026-01-23
1.2343823978988826,1.2171949804727926,0.11224584580265418,0.03484788050854253,210,Call,2025-11-14
1.1089569984765981,1.0960641904501445,0.2137280170326039,0.00771545075157698,338,Put,2026-03-22
1.2375620958605114,1.2577745840673218,0.09144151811953699,0.02254225199522014,83,Call,2025-07-10
1.2084632252637315,1.1598236125051213,0.07184842731369616,0.0360876152643432,71,Put,2025-06-28
1.07384876271743,1.2408810011114602,0.24271849398544446,0.014000901712817072,191,Put,2025-10-26
1.0702362001085979,1.0557708154800838,0.0921512014697572,0.042568213338511934,173,Put,2025-10-08
1.1697687613480805,1.1236329673675485,0.17413292075799308,0.04686437119731872,84,Call,2025-07-11
1.0593433060881372,1.2610864831992108,0.16472278573399074,0.004748371714526606,242,Call,2025-12-16
1.22228037766173,1.140393104209092,0.08979552405975133,0.004323606500788268,204,Put,2025-11-08
1.1699542692695555,1.078222972318721,0.19040818719990513,0.0029529429390792285,320,Call,2026-03-04
1.072935943805107,1.140778671859223,0.05701203006295144,0.03853494964300148,160,Call,2025-09-25
1.0661390217600006,1.1595426414908157,0.08935433351773013,0.002040381437911748,307,Call,2026-02-19
1.1871125476702322,1.2914726202076348,0.1566754314214639,0.03650114541890674,5,Call,2025-04-23
1.0642259636649896,1.1981206378563027,0.1898558592880707,0.00020253446136350717,31,Put,2025-05-19
1.2014501454491182,1.2647296907707555,0.1776522782215251,0.006067025894667172,201,Call,2025-11-05
1.1881850001064993,1.2718241840432274,0.23623051721789234,0.015315879045403975,291,Call,2026-02-03
1.0783563805323677,1.0679574054730105,0.13076054876941146,0.003107991327859805,163,Put,2025-09-28
1.1721847101091085,1.289743410310923,0.09900116195341371,0.026895725343218293,49,Put,2025-06-06
1.0745349524628496,1.250385357643941,0.22936238089231292,0.000960662128373535,209,Put,2025-11-13
1.1354257728304364,1.0502170645659459,0.2005456973404594,0.046070098097853215,311,Put,2026-02-23
1.2149170950161399,1.2763404543836527,0.05402813960382705,0.0244701858566111,352,Call,2026-04-05
1.0681904983673804,1.1280429390844575,0.056729726180727316,0.014784197316921056,203,Put,2025-11-07
1.1613100091050628,1.2259003346260164,0.23041334103949818,0.008317971965863886,235,Put,2025-12-09
1.208974730823003,1.2677021273004165,0.0982643654070198,0.043437569480217375,322,Put,2026-03-06
1.1218302652149073,1.2864022996574473,0.11289149937360601,0.03126015837622448,4,Call,2025-04-22
1.199557840576727,1.0635433438634374,0.08359858444256643,0.024215671393874583,181,Call,2025-10-16
1.1589279585694192,1.1541217939626576,0.2031967465740684,0.04102494829932534,349,Call,2026-04-02
1.1745737918837653,1.070743447402943,0.1342920204651011,0.02330263523734935,16,Put,2025-05-04
1.247345086215668,1.2457236083157504,0.06989324675307317,0.012293899483266042,161,Put,2025-09-26
1.0852020125528592,1.1234931882031383,0.11499334623775755,0.03408697370049186,330,Call,2026-03-14
1.103746802084282,1.073383162204729,0.06424682114551415,0.04104419783304892,283,Call,2026-01-26
1.1911396393150189,1.1457869083498828,0.1551297592430915,0.02953283647139352,110,Call,2025-08-06
1.0886872424538407,1.1420635177489262,0.06319889041446958,0.029821149861699675,227,Put,2025-12-01
1.147430112429331,1.1565144489285357,0.17477956820550355,0.039443780797764616,152,Put,2025-09-17
1.2185240488936042,1.0723888791673732,0.15823160699907446,0.004012723914557442,290,Put,2026-02-02
1.1846989002338832,1.1854745158395181,0.1847204224771714,0.022992882488749578,202,Call,2025-11-06
1.0822168604982572,1.2586420450222064,0.24541222406302024,0.03357620328500643,318,Call,2026-03-02
1.0860188087284266,1.2279734566819958,0.1393906371737181,0.002370585159723038,119,Call,2025-08-15
1.1284060431204954,1.1441206519702485,0.23519711086315967,0.0022354823234361997,72,Call,2025-06-29
1.1047937868533666,1.1661207227851786,0.24597048117662523,0.02998334019926648,270,Call,2026-01-13
1.169114390791565,1.2987379651967021,0.17284405459370744,0.017351601765021957,17,Put,2025-05-05
1.2471992352333767,1.2653140796365352,0.1699548346982125,0.009953619532448993,163,Call,2025-09-28
1.0968011175078614,1.2114433037404178,0.09935429150860578,0.021786501535493413,275,Put,2026-01-18
1.2142475561132131,1.2980882813001366,0.08367412066250397,0.016414796559165678,41,Call,2025-05-29
1.065025691120051,1.1566523812485872,0.18276324567960578,0.021360352584564986,62,Call,2025-06-19
1.090684642106181,1.0854391929118734,0.19673571369704357,0.030060841551247264,46,Call,2025-06-03
1.0776989794112735,1.2310111596883826,0.05333101765814772,0.03462528100393315,90,Call,2025-07-17
1.2436941643286907,1.1670383687139865,0.1267448368323563,0.040050416401114806,289,Call,2026-02-01
1.1022056803869777,1.092873654465843,0.09656627521552907,0.02578283771110525,7,Put,2025-04-25
1.1034050373282995,1.131690725542104,0.23162779948330026,0.047047154516979994,36,Call,2025-05-24
1.242966028720614,1.1457250536365684,0.10104873742141665,0.02740925112103399,322,Call,2026-03-06
1.0600648289473737,1.1040742822531073,0.09600188621259945,0.037528916901870234,123,Call,2025-08-19
1.0748210012883912,1.124195552469431,0.11187162318800899,0.042497215635605545,85,Put,2025-07-12
1.2106929839243363,1.2731534654368193,0.21777921606699682,0.04841447905537722,197,Put,2025-11-01
1.1928248935664856,1.2728703174131548,0.13729658000982373,0.028604782071559316,74,Put,2025-07-01
1.0914010033801826,1.1125667938242252,0.18815179193700027,0.002927475757747339,91,Call,2025-07-18
1.1547318608093946,1.1047605547571726,0.18341989361648697,0.006550161714392078,98,Call,2025-07-25
1.0822259582695746,1.078209528692699,0.1591333892338722,0.04099669721196348,269,Call,2026-01-12
1.1266076019600477,1.0537049337546371,0.23588485022675368,0.047178096271996706,162,Call,2025-09-27
1.053078957719248,1.1575957615129968,0.17174380432391068,0.01775617467295094,248,Call,2025-12-22
1.064740834267647,1.214771204003473,0.2161907400008789,0.03848394525688287,63,Call,2025-06-20
1.0807481919712472,1.1668169159281265,0.19511909548303955,0.017718963991049854,33,Put,2025-05-21
1.0574303770792577,1.1926212477568674,0.14811915603208814,0.03993075925841881,214,Put,2025-11-18
1.2257417974409541,1.1078048586235074,0.16614673665333513,0.023955194184368755,50,Put,2025-06-07
1.0987537917234287,1.05216452394503,0.2423361040540399,0.04469936512639872,209,Call,2025-11-13
1.2054558913133178,1.0812372656237048,0.12161845113213253,0.009512668200200976,4,Call,2025-04-22
1.2489510523962715,1.1448722605416939,0.07020133852668774,0.04091976861948969,227,Call,2025-12-01
1.098316048145398,1.1613247564260367,0.19342019691034903,0.0068213791766309935,96,Put,2025-07-23
1.2441007351526276,1.273020364168145,0.1432283633095836,0.005512916372228294,92,Call,2025-07-19
1.216471022669996,1.209158497986273,0.2037745039150421,0.049751994752266875,175,Put,2025-10-10
1.141315509480159,1.2511231949117378,0.1011043738663757,0.04954192763417786,240,Call,2025-12-14
1.0902915707921752,1.2306155694262155,0.23470402188439313,0.030240131091919288,338,Call,2026-03-22
1.1755614359674442,1.0987691790899403,0.24448086570123617,0.01822287412533893,159,Put,2025-09-24
1.1235920759395421,1.1786849811750926,0.16238799022882114,0.03287057529933967,317,Put,2026-03-01
1.226573103073376,1.1955152875726587,0.13867353924874914,0.0435236987941021,2,Call,2025-04-20
1.2142867661893146,1.0812338102093269,0.1334895515620069,0.020309071909295557,226,Put,2025-11-30
1.1108054970811092,1.2369073798526948,0.07392275436749383,0.0032203603345745293,69,Call,2025-06-26
1.1801194181028951,1.0769173158065606,0.10640879438295177,0.004648501141248163,45,Put,2025-06-02
1.060762832221354,1.2206653641030012,0.15798333854914182,0.04012749106109931,298,Call,2026-02-10
1.181547344346728,1.2679119529284044,0.05578120021660509,0.041735951919204047,246,Call,2025-12-20
1.0747422940293894,1.2897308644328536,0.10237091064961056,0.0005168074161570613,74,Call,2025-07-01
1.1006318744489616,1.0539596580322599,0.2309095321857656,0.0018099943986323863,306,Call,2026-02-18
1.0688938179575733,1.1633182121534575,0.15704956808461804,0.019996413926226336,321,Put,2026-03-05
1.1960357759397608,1.225382227480197,0.09146509903844176,0.032813023862759354,30,Call,2025-05-18
1.1092664215088706,1.2106359843972818,0.1829298831567118,0.02777990499170471,244,Put,2025-12-18
1.0959800268445374,1.1364870553680542,0.09588728409423858,0.006176323879375812,72,Put,2025-06-29
1.2307822799205552,1.2213962839851609,0.10141054466255445,0.03757814757069183,242,Call,2025-12-16
1.0840561663617008,1.2175470204503882,0.24546670391530903,0.030544486232125842,337,Call,2026-03-21
1.2295434198919444,1.2522430589055544,0.15854605004777175,0.0029726000257396523,203,Call,2025-11-07
1.0921620621753156,1.2067260895543235,0.17950862550456007,0.0030335638438672486,363,Put,2026-04-16
1.2115547970831055,1.155590299838352,0.05862088890921529,0.04136599113543965,126,Put,2025-08-22
1.2237320760192354,1.1549480170725013,0.19945965665397813,0.03284531849645543,133,Put,2025-08-29
1.0640000590697019,1.2908846686179316,0.06463732719386471,0.0237804632846215,339,Call,2026-03-23
1.1654722229648435,1.2579015119941874,0.06976803996831986,0.00034425767204622205,224,Call,2025-11-28
1.2026922570799568,1.0976605614371195,0.08089029802080745,0.03004454948568437,8,Call,2025-04-26
1.244287607142436,1.1914975062882502,0.24422925398166173,0.038172412397652275,16,Put,2025-05-04
1.064906051646766,1.2262150351504817,0.1509827634236991,0.00316399079243076,300,Call,2026-02-12
1.119304178824113,1.2379900151553922,0.1690270437262259,0.021959113568728417,276,Call,2026-01-19
1.1654370981363347,1.0884209160385854,0.08627010948079893,0.03441122744493366,6,Call,2025-04-24
1.14555294918845,1.2765156613521818,0.1923597284860673,0.026479464993749792,235,Put,2025-12-09
1.1798199456002259,1.1957100377782017,0.17191984852132106,0.04185811501110539,177,Call,2025-10-12
1.1946151297480874,1.1200015430577361,0.05812005591985814,0.03835586564404768,347,Call,2026-03-31
1.1131750582675202,1.2585937153758882,0.12059746191429142,0.020768664090067213,225,Call,2025-11-29
1.0894925002637215,1.1138128463835928,0.06264920024496815,0.03706057919982105,353,Call,2026-04-06
1.1976761392298225,1.2452939968435668,0.17461365452678346,0.03927593710327154,282,Call,2026-01-25
1.1754109802515378,1.1792458866273754,0.2340164788632546,0.030460266947033673,293,Put,2026-02-05
1.2441067935347367,1.213492794978038,0.10807060137161317,0.01783692713917867,238,Put,2025-12-12
1.146017352876771,1.1951704234297271,0.23104907466629965,0.04059057056988637,333,Put,2026-03-17
1.0720501042087218,1.2413281530548437,0.1878319832437454,0.004014011552154334,336,Put,2026-03-20
1.208657932833775,1.1760848267600146,0.11785635229549592,0.046663195737751774,147,Call,2025-09-12
1.1258073332044354,1.1711832788084366,0.23614976909121177,0.047989669048290766,227,Put,2025-12-01
1.1775411935581375,1.1269906915101449,0.0796084552704442,0.007454311886833065,2,Put,2025-04-20
1.1846413843547288,1.2360711699313225,0.08598369120104228,0.0025921002099051796,168,Call,2025-10-03
1.194413026459679,1.2172377325152868,0.14871118208969455,0.007507375275261197,143,Put,2025-09-08
1.1736528706811897,1.2386475550806573,0.07926701322138313,0.026400749426242168,124,Put,2025-08-20
1.1182147180560973,1.2055040396318533,0.07260581367805825,0.011317300138734849,130,Put,2025-08-26
1.1634143249047408,1.0546835228727756,0.18454596783447447,0.03400269371719366,263,Call,2026-01-06
1.175750059148445,1.180419463494395,0.06858507361663013,0.04761260830306977,299,Put,2026-02-11
1.2318366003636156,1.1436967268511704,0.1452254447047626,0.014525736928160905,199,Put,2025-11-03
1.1629112738481178,1.2641135133253238,0.062243453045967435,0.017713918364887282,114,Call,2025-08-10
1.1797783657367207,1.105426001751096,0.1927576105051607,0.013161907927717277,81,Call,2025-07-08
1.1657774057856332,1.0726194202454817,0.133561778561847,0.04335425075124435,201,Put,2025-11-05
1.174137441635054,1.1299516388081616,0.2473942212858774,0.04673470430892797,114,Put,2025-08-10
1.122585812717273,1.13246377970418,0.1322012658710289,0.021427121375414606,177,Call,2025-10-12
1.175858826802524,1.184166964612832,0.08260600829199234,0.03548819095720593,177,Put,2025-10-12
1.149340273604449,1.1054311438260351,0.24895133907118117,0.03807079683505832,281,Call,2026-01-24
1.183694897593976,1.298852885041131,0.18563390215217793,0.01833698942601399,221,Call,2025-11-25
1.0743701005049069,1.1156595540854308,0.17930106530142065,0.04209152380966091,299,Call,2026-02-11
1.106527682509167,1.129822514686294,0.20522265592543346,0.0382794254674071,291,Call,2026-02-03
1.2316413723448412,1.1377878858019106,0.22455918165180064,0.007983319461565335,247,Call,2025-12-21
1.247315413078846,1.291311569625428,0.1596810254786485,0.03192035095719847,193,Put,2025-10-28
1.2465477742553568,1.050947564936293,0.09600563961124012,0.03166585861150012,9,Call,2025-04-27
1.224196137356793,1.1785170245394723,0.16149913214571823,0.044969606915239574,303,Put,2026-02-15
1.0544523815717894,1.213507868371716,0.05794372225582714,0.013599460966603472,203,Put,2025-11-07
1.088768226585441,1.261177745392358,0.11541336689425025,0.04748199316817188,248,Put,2025-12-22
1.1462317680967893,1.108009209227399,0.10347664383233238,0.039815151466673845,218,Call,2025-11-22
1.2307881539689762,1.2968132508280874,0.09596904476772317,0.03364703740261529,187,Put,2025-10-22
1.1649805193822234,1.1347099308507498,0.1993944232167831,0.04478279223996529,218,Call,2025-11-22
1.1195363058131211,1.056855488418603,0.08693086888853635,0.0021765577167188856,136,Put,2025-09-01
1.1064075005639558,1.246196499845588,0.23811571751555927,0.004029530402669945,298,Put,2026-02-10
1.2393881245445566,1.1051267900369888,0.09174516650217579,0.005233894771379294,141,Put,2025-09-06
1.0712416920930714,1.093944086763772,0.21386330410609172,0.003985612986264969,151,Call,2025-09-16
1.0869082378279522,1.1785976690110176,0.10791355029599255,0.03275997364661767,149,Call,2025-09-14
1.1847028691394965,1.0571368061702522,0.12204190254351313,0.02040152234584146,52,Put,2025-06-09
1.1785218630098662,1.2692123087577059,0.1680774529425638,0.02697673972368149,225,Put,2025-11-29
1.0612201337823026,1.2842481263505376,0.202432372871655,0.004775390244233868,51,Put,2025-06-08
1.07053906533584,1.1376995469966766,0.23086902160141481,0.022661827257780816,196,Put,2025-10-31
1.1678234005602461,1.0915253307381734,0.13804614415063407,0.028403995066841353,47,Put,2025-06-04
1.2072380112903054,1.1341342440779185,0.18033982711331012,0.032575541905340975,140,Put,2025-09-05
1.1393624637917246,1.1900744579998246,0.12924645531591858,0.006926135640461618,302,Put,2026-02-14
1.1770922573603342,1.2239283313316933,0.1541188913766578,0.01764979231189882,329,Call,2026-03-13
1.1357003433387405,1.0767620470603099,0.12839215422535505,0.013504869901218226,198,Call,2025-11-02
1.2100876133655591,1.2482218018450468,0.1948986075729337,0.017509836744761056,94,Put,2025-07-21
1.10722133708156,1.2749507118310526,0.16751883603671522,0.04749770488436367,334,Call,2026-03-18
1.1365366210462953,1.0531175222025215,0.15727654079056136,0.04273941216864723,25,Call,2025-05-13
1.1273136705613016,1.146800348624259,0.1922257918165044,0.04172125967721507,40,Put,2025-05-28
1.175955348536019,1.2313626185718258,0.09925672415937906,0.009753935716377726,101,Put,2025-07-28
1.0859354160931456,1.1526036576154897,0.09263887079604621,0.03230884357455271,331,Call,2026-03-15
1.2062205442412393,1.1377999592049877,0.06726078633473302,0.03887099830776881,318,Call,2026-03-02
1.2459153144134698,1.1506369983588973,0.1783118011051742,0.016829542613355824,7,Call,2025-04-25
1.1555522063715284,1.2209673833369683,0.054884796390690195,0.010785738736480716,313,Call,2026-02-25
1.0699632594823474,1.151745482218143,0.20315199312638932,0.037238831003766994,71,Put,2025-06-28
1.1454568372980967,1.268673363130568,0.07424715538061476,0.0349829767438534,2,Put,2025-04-20
1.11598564610208,1.20166746251999,0.22433002754745543,0.019244441709694627,45,Call,2025-06-02
1.0836840533935401,1.0803785837531354,0.20393545585524905,0.02158862021092141,265,Put,2026-01-08
1.157383416439034,1.2976413136445955,0.19946901707173437,0.03468944081814434,344,Put,2026-03-28
1.1762792178841672,1.2292123885101645,0.1236571522383385,0.003752087380961328,159,Put,2025-09-24
1.0655975349896425,1.1824341630658683,0.19171261359419517,0.019051011125168528,53,Put,2025-06-10
1.0754670407009306,1.1578868845509245,0.11831537234540829,0.039027521511800944,360,Call,2026-04-13
1.0908830983227389,1.2339213404442642,0.21040566625352214,0.0057237215377644425,223,Put,2025-11-27
1.1556199216206255,1.2530529452898338,0.16198438672966944,0.043913679921972926,302,Put,2026-02-14
1.2213083678510654,1.0719267018587744,0.15325371561749618,0.03967112177445376,40,Put,2025-05-28
1.2184363790664747,1.2758760402979092,0.10357907148565604,0.012948121849934047,248,Put,2025-12-22
1.2443681193811675,1.1769227122129127,0.07876935344894452,0.022523934592756614,363,Put,2026-04-16
1.1275695974781392,1.146035567745245,0.19907836754706942,0.00147390556322472,256,Put,2025-12-30
1.1249880929772853,1.2834343604901957,0.1180283092075935,0.004711565362570964,58,Call,2025-06-15
1.1980467639695336,1.1427580789380614,0.18905971273581823,0.004317818549069419,222,Call,2025-11-26
1.1136431548725236,1.1784167720272603,0.1387975068591694,0.004081609445632034,345,Put,2026-03-29
1.1136898357624294,1.2454674183144774,0.15487783957671752,0.00108834341423657,303,Call,2026-02-15
1.1248934097504306,1.1376235573681652,0.24061982820499445,0.007093965730945906,43,Call,2025-05-31
1.1436791546027336,1.2785667838148467,0.08269509537271989,0.04960364550847686,299,Call,2026-02-11
1.1709753625944248,1.1778166064690359,0.15148615813501873,0.022579819507289746,52,Call,2025-06-09
1.1002319602333235,1.1399668300152985,0.23109881791062997,0.018578489615201494,2,Put,2025-04-20
1.207640531368673,1.1866554919631358,0.12491419800538582,0.034986443776321076,245,Call,2025-12-19
1.0824090571268665,1.1133777214574252,0.17442298479068988,0.028142861316403363,329,Call,2026-03-13
1.208251825515529,1.252004993184507,0.18259253959041324,0.03628217416817558,320,Put,2026-03-04
1.232471031426225,1.2052635256146977,0.16743992398717336,0.0493422032842064,159,Call,2025-09-24
1.120264740958697,1.1580192504858091,0.17281672198712542,0.044855195387131244,53,Put,2025-06-10
1.1524203737307381,1.2105939286062193,0.14002838102965473,0.047120972606783246,309,Call,2026-02-21
1.2152216666996474,1.0968541726914711,0.1422453978660812,0.03958029120394513,187,Put,2025-10-22
1.1549323985634752,1.2353095476183,0.10873659769508998,0.04106884976086382,257,Call,2025-12-31
1.1517871234010626,1.2453215437336618,0.22161862517009312,0.012344884519917743,71,Put,2025-06-28
1.2245906258345598,1.154330378522352,0.24182750987132762,0.007951827837138676,134,Call,2025-08-30
1.056753132527011,1.258136174870897,0.080878077431022,0.02563884179372826,296,Call,2026-02-08
1.0687011622034142,1.2451734073372,0.24552419361978534,0.026967106154607973,187,Call,2025-10-22
1.0774915426362406,1.1771599932139707,0.1748005236658227,0.02886413652157695,49,Call,2025-06-06
1.1368331396625828,1.1805011622118087,0.20573318650410036,0.02490686364791532,282,Call,2026-01-25
1.0853746677491551,1.1123679854415922,0.24693624741983586,0.0016012716442021847,343,Call,2026-03-27
1.197807935255988,1.1219463390602815,0.12242964537762768,0.03822677015559097,311,Call,2026-02-23
1.2493425723853522,1.1813474891185052,0.1453729954365418,0.0423857552923563,64,Put,2025-06-21
1.1019747331417133,1.0669495651446574,0.17725573036312564,0.018166782011572576,62,Put,2025-06-19
1.1424357539943524,1.1070506966305595,0.20130806791551087,0.03617337940838292,192,Call,2025-10-27
1.1770658879370053,1.26631640763662,0.08721962933816635,0.03125834612878809,197,Call,2025-11-01
1.0777406450770126,1.2866582941722817,0.21732022543707888,0.01876840727544087,262,Put,2026-01-05
1.2326782466649508,1.1811991239844677,0.223105421874613,0.005766625020134142,313,Call,2026-02-25
1.127262211966468,1.06904982983597,0.1823145766126876,0.014765242233574255,133,Put,2025-08-29
1.1415740211011307,1.157711614798156,0.13121669122181556,0.01463510513729145,131,Put,2025-08-27
1.138069989708307,1.2984884757582709,0.13400763253242745,0.021831571323455975,270,Call,2026-01-13
1.2381011508438127,1.299388071110386,0.11219947521038165,0.04521658531918734,164,Call,2025-09-29
1.1139058274970697,1.071097779223207,0.10424993647898369,0.018735197111672746,91,Put,2025-07-18
1.1778059162910446,1.1460577525330107,0.16430630958061332,0.029431585554654385,275,Call,2026-01-18
1.2107918705514045,1.148779317179544,0.2032639449237731,0.003761488144944586,101,Call,2025-07-28
1.0821257591753817,1.1809965014591897,0.18998560333355755,0.042206861262042095,73,Put,2025-06-30
1.170697252721159,1.1520484183124444,0.18553001879844563,0.018431125762968882,120,Call,2025-08-16
1.1416050407408425,1.1021842228646797,0.22209100689226868,0.027391998704523985,167,Call,2025-10-02
1.124372682566843,1.1017580569715608,0.21467149399489974,0.030899923655640777,54,Put,2025-06-11
1.0502819684785372,1.088740222407154,0.06754008494157437,0.030845819358381283,143,Call,2025-09-08
1.2307462546803611,1.2639301022725766,0.13607280408112404,0.02356776599574455,51,Call,2025-06-08
1.1796481208938079,1.1554894069139645,0.2399212634416638,0.04153411627927643,35,Call,2025-05-23
1.2009500583079067,1.2476739261925096,0.20655551396293065,0.025684270908751295,155,Call,2025-09-20
1.1183336865296891,1.169154165861518,0.128923483043319,0.017275622860012475,77,Call,2025-07-04
1.1513219168016082,1.2791542467319998,0.1150016364855011,0.03419967208337213,188,Call,2025-10-23
1.1346443997613707,1.0679380913281478,0.14761646312676885,0.03003553952190265,42,Call,2025-05-30
1.1470760527878714,1.139849590057823,0.13201371560913752,0.04048820624760869,309,Call,2026-02-21
1.1392236525284014,1.0923846170035387,0.11587006844010439,0.04249652098289508,17,Call,2025-05-05
1.0741547749852205,1.1343249317756592,0.19530033610737232,0.036371753051485475,33,Call,2025-05-21
1.2058409908696723,1.0881764592961298,0.07870610303601089,0.03747209860659671,30,Call,2025-05-18
1.1225890137853851,1.1985926593258367,0.08872470310373098,0.043580501094464964,296,Put,2026-02-08
1.216257462029744,1.2984900141621731,0.16450829647607565,0.025856547631896945,242,Put,2025-12-16
1.238381516309559,1.1834073816900295,0.06549824306358043,0.027285643245241284,193,Call,2025-10-28
1.1526699122306379,1.2032765536682168,0.13958174835642112,0.04590573865581705,121,Put,2025-08-17
1.1524772950251716,1.1002836984982023,0.14553372513532403,0.008204438986198588,294,Call,2026-02-06
1.1063668179269381,1.2422546841154378,0.2389617988983304,4.955689172315703e-05,199,Call,2025-11-03
1.174789334637667,1.1467958327017462,0.07426526777998428,0.001547893649573917,161,Call,2025-09-26
1.1445326124504691,1.206250644423117,0.18726602735360595,0.005660475088508194,266,Put,2026-01-09
1.0580333762495702,1.115710873396599,0.07922357915506986,0.04576519123277944,18,Call,2025-05-06
1.130770548609607,1.2669146512402178,0.07093377788405449,0.019626744146264148,45,Call,2025-06-02
1.2398755327357456,1.2912400016723995,0.23803809441745422,0.001970456302594986,238,Put,2025-12-12
1.0727644200177406,1.296041898798413,0.11063619664927418,0.048643210137585616,183,Call,2025-10-18
1.1297614162715268,1.0928399099540422,0.23323020510679138,0.027232306899322625,93,Put,2025-07-20
1.1275061955745052,1.1006880244801442,0.19465079494800008,0.04580402509824963,269,Call,2026-01-12
1.0596461629820326,1.1092869662120097,0.13127517064291147,0.04760361710217442,70,Put,2025-06-27
1.2130287542347848,1.065989341301087,0.24029574990004135,0.03405422862180378,27,Call,2025-05-15
1.1933867550869708,1.2372293067083375,0.24832008021837948,0.013361336472974378,213,Put,2025-11-17
1.0603033906811028,1.1898799495077728,0.16962541522260755,0.04967228120359281,262,Call,2026-01-05
1.1614627241871642,1.2441200681865194,0.11790160678884845,0.03761723903106702,74,Call,2025-07-01
1.1737730694233552,1.151767471818183,0.24000082562080025,0.026276370524517062,216,Put,2025-11-20
1.2266416241743017,1.280482009176648,0.11123362799035084,0.041930211395919584,111,Put,2025-08-07
1.0793580991002165,1.2712728598366765,0.24858926103001822,0.019072245530066135,324,Put,2026-03-08
1.182452504676026,1.0940784176519103,0.1449614202107817,0.04212801364018713,286,Call,2026-01-29
1.215975092606731,1.277487725363149,0.21660528087637254,0.04312759804567238,300,Call,2026-02-12
1.136665324843423,1.0999917133893529,0.19479396226421228,0.02071140633099937,64,Put,2025-06-21
1.0907166154047556,1.174582893659805,0.12415221347820263,0.0355989689934557,212,Put,2025-11-16
1.096029694308542,1.1136270173196214,0.15218038479897564,0.030531001978476992,160,Call,2025-09-25
1.1880448457031345,1.140017635948101,0.13705690528683526,0.047705893713999026,326,Put,2026-03-10
1.2461491939723983,1.2124133974058766,0.24054501786775956,0.028822087988446522,285,Put,2026-01-28
1.1357978199954646,1.0920112525460213,0.07007742742603662,0.019701749224607934,74,Put,2025-07-01
1.0940212017497595,1.2520501172706484,0.21013591690567257,0.03552090222732144,211,Call,2025-11-15
1.235479185332912,1.1055989461400446,0.13447627485745378,0.01930016742772488,276,Put,2026-01-19
1.1015533340100263,1.295215979182976,0.2453215938812126,0.04862085398200145,25,Put,2025-05-13
1.1866544661867917,1.1702103323339774,0.09725024242432423,0.009250320856426531,26,Put,2025-05-14
1.1435621243090814,1.093694714427318,0.137929326761656,0.038926965288465454,141,Put,2025-09-06
1.0690662302464198,1.171002523646445,0.22520509116088683,0.0010891921874536415,115,Call,2025-08-11
1.0578922018257868,1.2069719577805604,0.1646253765866392,0.0035182778511696766,15,Call,2025-05-03
1.2157687029405688,1.0972073040111632,0.10836176933495299,0.02966785878115676,155,Call,2025-09-20
1.0959083148691604,1.1750834765586156,0.05076906558679409,0.00695861535962648,260,Put,2026-01-03
1.0931590366956498,1.2355961470095858,0.1490208141851491,0.01572904229071474,361,Put,2026-04-14
1.1454790114705309,1.2635288881363562,0.24679082065257482,0.03134155120584919,265,Put,2026-01-08
1.2389694915235583,1.2457518099246934,0.13707049202613272,0.003745939876260646,260,Call,2026-01-03
1.2024863543166913,1.2128214891193982,0.1716725491732325,0.01484401422122263,248,Put,2025-12-22
1.1490983553291474,1.137848438452973,0.1149052987029618,0.023804371319105535,153,Put,2025-09-18
1.098064211877856,1.0856504799425764,0.1550656520887174,0.014468437485338805,74,Call,2025-07-01
1.2307148073947154,1.219128345901086,0.12972072566770232,0.022368492319830614,125,Put,2025-08-21
1.1691449162911016,1.0692230894308803,0.15559927561541503,0.03561678573294442,308,Call,2026-02-20
1.0894278033887976,1.103577228994877,0.23784202077746774,0.047063239168105474,346,Call,2026-03-30
1.0536814185476575,1.1915262600872494,0.0613254551440841,0.01886797833694405,342,Call,2026-03-26
1.215497476205774,1.2032580922395253,0.2194826394552799,8.074396371965387e-05,167,Call,2025-10-02
1.1194473233901223,1.0688981470636914,0.1979932746496828,0.0036107111384603876,341,Put,2026-03-25
1.1687666150056066,1.0952077870465686,0.22096733563612872,0.024725248944504813,348,Call,2026-04-01
1.1540762319191662,1.1947301734405873,0.0797441877690982,0.01470102891191722,127,Call,2025-08-23
1.1793286905793832,1.076596962184231,0.08310636032708936,0.027806435616483206,55,Call,2025-06-12
1.1494181640842078,1.0949479505775863,0.19093070368944876,0.02885337032775568,350,Put,2026-04-03
1.1419210103376258,1.0985477953201492,0.1932528287311963,0.011024257484106388,275,Call,2026-01-18
1.134144024791292,1.0790000121239145,0.11866188685278152,0.019711366687504353,66,Put,2025-06-23
1.0784357266428954,1.1740330259703713,0.10281184582256427,0.04742740565985782,101,Call,2025-07-28
1.0671169089920662,1.1974645772714947,0.09469998788178464,0.029557460990209408,16,Call,2025-05-04
1.240530857862666,1.0827389341154254,0.227911914313304,0.025000378839909455,199,Put,2025-11-03
1.2304722626045743,1.1172111920908716,0.1034232619885571,0.04310720809459564,344,Put,2026-03-28
1.1474220614132686,1.0988972310710086,0.11711607413774383,0.010503719391682976,214,Call,2025-11-18
1.1841299923902027,1.1385687106970077,0.21186822753434192,0.018751176266160803,148,Call,2025-09-13
1.2378191139964965,1.1851683175698677,0.09339318190157186,0.011112034553648576,333,Put,2026-03-17
1.14209891591176,1.0774596133278949,0.18561871320910645,0.005132091218800533,8,Put,2025-04-26
1.1650122126968405,1.250722038566317,0.18354898783696838,0.00944126936773363,30,Put,2025-05-18
1.1072162629912512,1.077503625930719,0.13477048358397165,0.017303111697286662,218,Put,2025-11-22
1.0972633147586466,1.1830458888853879,0.24265821224434303,0.02831839066708022,337,Call,2026-03-21
1.0938299684746209,1.0828538779505,0.17691749372575327,0.04507439105350204,325,Put,2026-03-09
1.20376691510419,1.1811104417250173,0.08158303201007272,0.019116924467574643,224,Put,2025-11-28
1.1028829286942237,1.074254413781835,0.14085385475361967,0.026929967320528693,112,Put,2025-08-08
1.1202841794372262,1.1470997340144413,0.06188370978674507,0.030669231603229898,313,Call,2026-02-25
1.0693856924403666,1.266199908700555,0.16485490393098418,0.027500204022421745,41,Call,2025-05-29
1.0569922677451133,1.0646387625281426,0.2340734147032147,0.030307585292487324,109,Put,2025-08-05
1.0515096431726658,1.194532746671076,0.21655093549775906,0.025244833704045674,262,Put,2026-01-05
1.1355947785055744,1.0759825112577133,0.1977910509392257,0.0323060452718123,216,Put,2025-11-20
1.2192755200040704,1.2659790418155041,0.20524036241320714,0.04770319310602096,61,Call,2025-06-18
1.0705896832681534,1.2412460948407156,0.12368439992557012,0.04930320612176939,183,Put,2025-10-18
1.1981834855904099,1.1344585069261817,0.05156753345044829,0.04843670220315774,208,Call,2025-11-12
1.2271189471426953,1.1479731981875119,0.16527395295351982,2.6830466958593926e-05,327,Call,2026-03-11
1.1202522939782136,1.290797090815729,0.06655828992590276,0.01921398844260059,312,Call,2026-02-24
1.0624032574750064,1.1467718937632154,0.06154517943427151,0.03537923327935932,311,Call,2026-02-23
1.2344590064076395,1.1207416795222855,0.14477745473516382,0.013303160813438198,202,Call,2025-11-06
1.153336728264036,1.1790689473003775,0.10245501290941371,0.03777680860851527,95,Call,2025-07-22
1.0696138828992257,1.2077765105134268,0.10969484115115014,0.013435121441636678,297,Put,2026-02-09
1.1800292357608804,1.1890120981842438,0.17682014371440435,0.011693210384098969,205,Put,2025-11-09
1.2431591916209614,1.2167169893071246,0.2226088027380449,0.03428825267382678,324,Put,2026-03-08
1.0758507987825516,1.141373198576335,0.0979994215065045,0.020573902488257446,223,Call,2025-11-27
1.238620527950961,1.1895097792007086,0.24451956335245953,0.022293354204474543,244,Put,2025-12-18
1.2348882718620986,1.1029543775071078,0.08427970258730465,0.007945118377184285,334,Call,2026-03-18
1.1661814329924953,1.0645302132665515,0.09369604808528698,0.017946440861075136,318,Call,2026-03-02
1.1206939510471003,1.289791237115007,0.12004807885409413,0.005379765525379771,238,Call,2025-12-12
1.216968035005739,1.1452901928510528,0.13475954524877307,0.02773874202365186,31,Call,2025-05-19
1.1520802021513146,1.2495159707777388,0.06934197938034994,0.03151774655866163,64,Call,2025-06-21
1.1608049936507805,1.2246678681037702,0.10329601076164314,0.03707029595840754,146,Put,2025-09-11
1.1293647156873454,1.0712838091274115,0.13863021442867285,0.019364247864655734,73,Call,2025-06-30
1.2445734121571135,1.2606462848847932,0.06857634830966981,0.020733948855238063,102,Call,2025-07-29
1.1420278589109942,1.0542531405505053,0.12747195299118447,0.015312807181874877,183,Put,2025-10-18
1.2243228270812214,1.1107278683053974,0.12348971369589692,0.019117895514338564,175,Call,2025-10-10
1.0733605772716217,1.1025746882377463,0.12295753578502569,0.0046538003301973335,81,Put,2025-07-08
1.1012022029004995,1.1750178314322541,0.08861048578743058,0.017404630204415055,179,Put,2025-10-14
1.1089160620861445,1.162238185438804,0.07059993238377918,0.04008546326060096,145,Put,2025-09-10
1.10848535460656,1.2837844680721988,0.1365392670376198,0.0071990262688010126,241,Put,2025-12-15
1.234432036874377,1.1592288593227462,0.08627803673842116,0.016174948260362827,61,Put,2025-06-18
1.1869921502875902,1.0540115328192017,0.07217685084403754,0.016115773070632635,140,Put,2025-09-05
1.0608015988437833,1.2558527784943638,0.10141266943588537,0.029131102586027153,341,Call,2026-03-25
1.1759838556619873,1.0755623409788193,0.19036437037727008,0.04912848557758423,203,Call,2025-11-07
1.2445710266714238,1.2203486739536047,0.24435615898344215,0.04560316707986667,234,Put,2025-12-08
1.232157925664952,1.0703513517004029,0.05367786801224426,0.006577570673823869,176,Put,2025-10-11
1.224455004755977,1.2438855904125532,0.05101750743962013,0.04918384225240934,336,Put,2026-03-20
1.1676138083717438,1.1033720147393136,0.1388300608169246,0.0020328663108816203,51,Put,2025-06-08
1.1707654672010235,1.0519078983481853,0.219820948148226,0.034319183311432445,254,Put,2025-12-28
1.0977903989409108,1.241158173944301,0.061637152674987906,0.043551665845711365,250,Put,2025-12-24
1.1719125333008669,1.1912804331669804,0.06965197553989515,0.04825508526835661,106,Put,2025-08-02
1.2004822295482747,1.1830192050636834,0.12585423557770078,0.03075492735646962,286,Put,2026-01-29
1.1849708336322744,1.0633236759795048,0.0780564054973934,0.009725458636123376,250,Put,2025-12-24
1.191590807755558,1.1865482469807724,0.07585036040939885,0.04516108734732314,358,Put,2026-04-11
1.058050018310746,1.1817573090817421,0.0819359037773862,0.03809413201053156,284,Put,2026-01-27
1.168624346601323,1.0939289047117267,0.055504896898063864,0.04002575184777887,37,Put,2025-05-25
1.0591589445706582,1.0904467334385,0.16749459013269008,0.049029756193628454,5,Put,2025-04-23
1.2414778231270265,1.143058730131466,0.20806476467618756,0.02644836837149618,246,Call,2025-12-20
1.123099312600969,1.1965619947338202,0.21415001103914713,0.043756758178537775,129,Call,2025-08-25
1.0759949656941077,1.1636486057551614,0.20014336951118256,0.0053953303789720415,178,Call,2025-10-13
1.1223059955050934,1.2837815668384616,0.11235296848431697,0.01827849632832957,110,Put,2025-08-06
1.2125746790908754,1.2186107738122212,0.18711828282916998,0.03120748874737092,298,Call,2026-02-10
1.0811801630211333,1.2608753340442682,0.09407378306374128,0.0005407069266607612,270,Call,2026-01-13
1.2205818825514811,1.2698211474386034,0.22443312538753893,0.04448509493845815,326,Call,2026-03-10
1.1757932876663963,1.200411687925712,0.23781983782056942,0.012999291347433406,166,Put,2025-10-01
1.1554588520618019,1.1057985029672073,0.22223911853543704,0.01578355451442597,179,Call,2025-10-14
1.183094904129138,1.2864593272321203,0.22604919801568918,0.04785226390819022,220,Put,2025-11-24
1.064416264900857,1.0885930507208612,0.17762041166341958,0.039982054569401515,325,Call,2026-03-09
1.1892726933023021,1.143989888791674,0.11110377469529971,0.004342727806774388,273,Put,2026-01-16
1.1019805501457571,1.0872511338671396,0.08586500655480611,0.04809208520772781,206,Call,2025-11-10
1.1738573592499935,1.1948049731681851,0.05007887467538428,0.021568921395815684,123,Put,2025-08-19
1.1610494681238848,1.0987873973783557,0.22911694598466367,0.015690007502765443,60,Put,2025-06-17
1.1203179160287173,1.0714866864939152,0.13310426344999388,0.03969732411775446,185,Call,2025-10-20
1.1113308261080235,1.0728595404204173,0.1654608309002187,0.025879411875070653,135,Put,2025-08-31
1.181500550960368,1.0515292549052397,0.10639060388761622,0.0078011492300891945,332,Call,2026-03-16
1.1892595203018979,1.1194566389559228,0.15387109416980158,0.048592048557094814,210,Call,2025-11-14
1.0683495280103878,1.204880092564442,0.06239980550992211,0.01885727121481783,363,Call,2026-04-16
1.1249972794288767,1.17089826430613,0.0740794387481162,0.04619901558626263,262,Put,2026-01-05
1.1752314529801309,1.2165399874573966,0.117792265377484,0.02335846386693251,184,Call,2025-10-19
1.1447079442830137,1.0978290933606163,0.1511217991450439,0.02176345710460811,92,Put,2025-07-19
1.138144326225426,1.2514896704899132,0.23187859391532706,0.044571337877775605,217,Put,2025-11-21
1.2038527563206862,1.1898550869646265,0.060900302977831666,0.011590251109406091,351,Call,2026-04-04
1.1676444375819637,1.1382535467202015,0.057284011840272944,0.0024469889066171427,271,Call,2026-01-14
1.130402327477175,1.0777274885593604,0.1978755962141942,0.013367826736374995,7,Call,2025-04-25
1.146878519958049,1.1333320048707043,0.06047038022452374,0.012976107810681765,78,Call,2025-07-05
1.0597600143031087,1.083130050444858,0.18039609685739907,0.04800446002089707,245,Call,2025-12-19
1.147690128214432,1.1248911472339391,0.23335463505994775,0.004412759222805501,268,Put,2026-01-11
1.182900503648114,1.1622136964570533,0.06651568721694937,0.02919396904063445,19,Call,2025-05-07
1.248408820277933,1.228243750869451,0.10820349460675774,0.03930811180479732,305,Call,2026-02-17
1.156260865140198,1.170718332275322,0.14175253823187256,0.0010454627704192755,346,Call,2026-03-30
1.212456486231758,1.2406839964569152,0.14116651825539558,0.03093118526694936,179,Call,2025-10-14
1.1368646189982696,1.2965851097358547,0.0800758849604849,0.026839476031014182,200,Put,2025-11-04
1.0619950822238815,1.2511127733314624,0.08996716518699802,0.014378454288955062,21,Put,2025-05-09
1.2187191231914276,1.0812917798177455,0.07922684231473387,0.04576384718645967,174,Call,2025-10-09
1.2467974375248374,1.2805440438130078,0.05504378898069742,0.029339127164081893,6,Call,2025-04-24
1.2250624791404852,1.1101083721091658,0.07780469004712882,0.00865288879001505,49,Put,2025-06-06
1.1701774863021779,1.2443545063860193,0.16680014108215752,0.02545706397459004,114,Call,2025-08-10
1.0843522985668843,1.0565744935005656,0.23516592348789844,0.023090957771176597,159,Call,2025-09-24
1.1609264936861776,1.0777893059269659,0.17276489805259695,0.0059206409496061875,157,Call,2025-09-22
1.051590866363123,1.1647584213520477,0.20302978035701427,0.024134661784795175,126,Call,2025-08-22
1.1137643248041669,1.146177598208743,0.13213278966987999,0.03852319910609573,1,Call,2025-04-19
1.1602858094410369,1.1352278687289385,0.24433982057527426,0.04744115764412134,179,Call,2025-10-14
1.1623287731732048,1.1354036440571946,0.2169546011726314,0.043180238105374025,113,Put,2025-08-09
1.2325411382968416,1.1354487527881274,0.1518808704829651,0.026715397398909935,12,Call,2025-04-30
1.1762852198905227,1.0584810718925861,0.21397478706719192,0.0047650095250961816,167,Call,2025-10-02
1.0820348166932077,1.0799767640589588,0.16616210045445412,0.03393577445431626,63,Put,2025-06-20
1.232788597133908,1.1560040291582363,0.17974674592534023,0.03489943711833067,36,Put,2025-05-24
1.1256175880241428,1.1548146031017201,0.14574479437176963,0.02837762419097142,75,Put,2025-07-02
1.0725047247342923,1.186762636506509,0.20323729190450804,0.01735822880796961,187,Call,2025-10-22
1.1132283558465053,1.0617115392337428,0.20887009579586552,0.019501759615704363,176,Call,2025-10-11
1.063795529453627,1.2218691535891715,0.21208796333018498,0.030152028877014216,52,Call,2025-06-09
1.167926474975739,1.065808233538902,0.10004703900235196,0.04632976498385702,89,Put,2025-07-16
1.0917794456583954,1.2742079866696645,0.10435279293932176,0.035674194663755834,116,Call,2025-08-12
1.182087876741588,1.1941969098635914,0.20893426382645053,0.028525712973002798,163,Call,2025-09-28
1.1900827251203456,1.0932618325846062,0.12010383077817721,0.006501261346283588,259,Call,2026-01-02
1.1883004580476573,1.2968897368551493,0.18907952435239575,0.007053297995135238,327,Put,2026-03-11
1.1738452221455398,1.294837912166495,0.12389242296060879,0.029056265866124777,173,Call,2025-10-08
1.1196988095756382,1.1742946123394666,0.23301888862410608,0.0010683779510918257,51,Call,2025-06-08
1.072218588524239,1.0584359434529986,0.10484140389913664,0.0017839006386746127,290,Call,2026-02-02
1.165922815803296,1.0915126635124346,0.24119883187357635,0.0026476878493944256,27,Call,2025-05-15
1.1680606380947993,1.067349747521546,0.11347881182388762,0.01612489454127063,352,Call,2026-04-05
1.133230444460031,1.0804520363503012,0.2111605471588468,0.00440545970478573,250,Put,2025-12-24
